Símbolo;Empresa;id_Industria;Industria;Sub_industria;Localización;Incorp. SP500;Fundación;Cant. Empleos;Facturac. U$S 2022;Costo Op. U$S;Gcia Bruta U$S 2022;Deuda U$S 2022;Valor de Mercado
A;Agilent Technologies;XLV;Health Care;Health Care Equipment;California;5/6/2000;1999;18.300;6.993.999.872;3.271.999.872;3.722.000.000;2.967.000.064;32.286.976.000
AAL;American Airlines Group;XLI;Industrials;Passenger Airlines;Texas;23/3/2015;1934;132.500;52.893.999.104;41.450.999.104;11.443.000.000;42.582.999.040;8.395.701.760
AAPL;Apple Inc.;XLK;Information Technology;Technology Hardware, Storage & Peripherals;California;30/11/1982;1977;164.000;383.932.989.440;213.150.989.440;170.782.000.000;109.280.002.048;2.734.577.942.528
ABBV;AbbVie;XLV;Health Care;Pharmaceuticals;Illinois;31/12/2012;1888;50.000;56.022.999.040;14.495.999.040;41.527.000.000;61.392.998.400;260.256.612.352
ABNB;Airbnb;XLY;Consumer Discretionary;Hotels, Resorts & Cruise Lines;California;18/9/2023;2008;6.811;9.088.000.000;2.188.000.000;6.900.000.000;2.324.000.000;79.754.117.120
ABT;Abbott;XLV;Health Care;Health Care Equipment;Illinois;4/3/1957;1888;115.000;40.226.000.896;15.647.000.896;24.579.000.000;16.988.000.256;166.941.622.272
ACGL;Arch Capital Group;XLF;Financials;Reinsurance;Bermuda;1/11/2022;1995;5.800;11.788.808.192;8.941.097.192;2.847.711.000;2.726.000.128;30.447.962.112
ACN;Accenture;XLK;Information Technology;IT Consulting & Other Services;Ireland;6/7/2011;1989;733.000;64.111.742.976;43.380.135.976;20.731.607.000;3.149.033.984;194.933.440.512
ADBE;Adobe Inc.;XLK;Information Technology;Application Software;California;5/5/1997;1982;29.239;18.886.000.640;3.445.000.640;15.441.000.000;4.096.000.000;235.135.139.840
ADI;Analog Devices;XLK;Information Technology;Semiconductors;Massachusetts;12/10/1999;1965;24.450;12.836.770.816;5.032.900.816;7.803.870.000;7.027.979.776;85.759.836.160
ADM;ADM;XLP;Consumer Staples;Agricultural Products & Services;Illinois;4/3/1957;1902;40.360;99.883.999.232;92.313.999.232;7.570.000.000;9.825.000.448;39.205.138.432
ADP;ADP;XLI;Industrials;Human Resource & Employment Services;New Jersey;31/3/1981;1949;63.000;18.012.200.960;9.502.200.960;8.510.000.000;3.540.999.936;100.257.505.280
ADSK;Autodesk;XLK;Information Technology;Application Software;California;1/12/1989;1982;13.700;5.212.000.256;629.000.256;4.583.000.000;2.664.999.936;43.599.306.752
AEE;Ameren;XLU;Utilities;Multi-Utilities;Missouri;19/9/1991;1902;9.244;7.888.999.936;4.545.999.936;3.343.000.000;16.007.000.064;19.246.438.400
AEP;American Electric Power;XLU;Utilities;Electric Utilities;Ohio;4/3/1957;1906;16.974;19.470.600.192;11.056.500.192;8.414.100.000;44.660.101.120;36.747.505.664
AES;AES Corporation;XLU;Utilities;Independent Power Producers & Energy Traders;Virginia;2/10/1998;1981;9.100;12.952.999.936;10.404.999.936;2.548.000.000;26.542.999.552;8.444.021.248
AFL;Aflac;XLF;Financials;Life & Health Insurance;Atlanta;28/5/1999;1955;12.882;18.986.000.384;10.906.000.384;8.080.000.000;12.357.000.192;45.410.103.296
AIG;American International Group;XLF;Financials;Property & Casualty Insurance;New York;31/3/1980;1919;26.200;51.549.999.104;26.581.999.104;24.968.000.000;24.145.000.448;42.820.788.224
AIZ;Assurant;XLF;Financials;Multi-line Insurance;New York;10/4/2007;1892;13.700;10.574.999.552;9.860.599.552;714.400.000;2.129.400.064;7.740.784.128
AJG;Arthur J. Gallagher & Co.;XLF;Financials;Insurance Brokers;Illinois;31/5/2016;1927;45.641;8.836.299.776;5.192.399.776;3.643.900.000;7.466.100.224;49.471.557.632
AKAM;Akamai;XLK;Information Technology;Internet Services & Infrastructure;Massachusetts;12/7/2007;1998;9.800;3.661.093.888;1.423.276.888;2.237.817.000;3.283.006.976;16.029.995.008
ALB;Albemarle Corporation;XLB;Materials;Specialty Chemicals;North Carolina;1/7/2016;1994;7.400;9.663.224.832;6.585.437.832;3.077.787.000;3.663.938.048;18.192.306.176
ALGN;Align Technology;XLV;Health Care;Health Care Supplies;Arizona;19/6/2017;1997;22.910;3.737.182.976;1.100.507.976;2.636.675.000;133.420.000;21.442.828.288
ALK;Alaska Air Group;XLI;Industrials;Passenger Airlines;Washington;13/5/2016;1985;23.140;10.341.000.192;7.984.000.192;2.357.000.000;3.886.000.128;4.539.352.576
ALL;Allstate;XLF;Financials;Property & Casualty Insurance;Illinois;13/7/1995;1931;54.000;54.621.999.104;48.178.999.104;6.443.000.000;7.951.000.064;29.393.070.080
ALLE;Allegion;XLI;Industrials;Building Products;New York;2/12/2013;1908;12.300;3.610.700.032;2.288.300.032;1.322.400.000;2.207.200.000;9.019.395.072
AMAT;Applied Materials;XLK;Information Technology;Semiconductor Materials & Equipment;California;16/3/1995;1967;34.500;26.542.999.552;14.549.999.552;11.993.000.000;6.098.999.808;116.512.456.704
AMCR;Amcor;XLB;Materials;Paper & Plastic Packaging Products & Materials;United Kingdom;7/6/2019;1860;41.000;14.693.999.616;11.968.999.616;2.725.000.000;7.406.000.128;12.916.709.376
AMD;AMD;XLK;Information Technology;Semiconductors;California;20/3/2017;1969;25.000;21.876.000.768;9.825.000.768;12.051.000.000;2.860.000.000;166.268.600.320
AME;Ametek;XLI;Industrials;Electrical Components & Equipment;Pennsylvania;23/9/2013;1930;19.600;6.420.681.216;4.275.412.216;2.145.269.000;2.367.415.040;34.239.969.280
AMGN;Amgen;XLV;Health Care;Biotechnology;California;2/1/1992;1980;25.200;26.581.999.616;6.664.999.616;19.917.000.000;61.544.001.536;141.791.543.296
AMP;Ameriprise Financial;XLF;Financials;Asset Management & Custody Banks;Minnesota;3/10/2005;1894;13.500;15.082.999.808;7.238.999.808;7.844.000.000;4.132.999.936;33.077.385.216
AMT;American Tower;XLRE;Real Estate;Telecom Tower REITs;Massachusetts;19/11/2007;1995;6.391;10.915.399.680;3.468.099.680;7.447.300.000;47.176.499.200;73.983.623.168
AMZN;Amazon;XLY;Consumer Discretionary;Broadline Retail;Washington;18/11/2005;1994;1.541.000;538.046.005.248;312.894.005.248;225.152.000.000;174.285.996.032;1.299.630.129.152
ANET;Arista Networks;XLK;Information Technology;Communications Equipment;California;28/8/2018;2004;3.612;5.262.627.840;2.586.931.840;2.675.696.000;51.702.000;58.210.512.896
ANSS;Ansys;XLK;Information Technology;Application Software;Pennsylvania;19/6/2017;1969;6.000;2.172.672.000;288.388.000;1.884.284.000;882.257.024;25.185.042.432
AON;Aon;XLF;Financials;Insurance Brokers;United Kingdom;23/4/1996;1919;50.000;12.874.000.384;7.051.000.384;5.823.000.000;12.204.999.680;66.104.217.600
AOS;A. O. Smith;XLI;Industrials;Building Products;Wisconsin;26/7/2017;1916;12.000;3.737.499.904;2.407.899.904;1.329.600.000;240.900.000;9.942.940.672
APA;APA Corporation;XLE;Energy;Oil & Gas Exploration & Production;Texas;28/7/1997;1954;2.273;7.872.999.936;236.999.936;7.636.000.000;5.678.000.128;11.593.108.480
APD;Air Products and Chemicals;XLB;Materials;Industrial Gases;Pennsylvania;30/4/1985;1940;19.710;12.978.700.288;9.618.600.288;3.360.100.000;10.110.199.808;62.170.611.712
APH;Amphenol;XLK;Information Technology;Electronic Components;Connecticut;30/9/2008;1932;91.000;12.562.400.256;8.534.200.256;4.028.200.000;4.319.200.256;49.290.960.896
APTV;Aptiv;XLY;Consumer Discretionary;Automotive Parts & Equipment;Ireland;24/12/2012;1994;160.000;19.271.999.488;16.625.999.488;2.646.000.000;7.001.999.872;26.602.424.320
ARE;Alexandria Real Estate Equities;XLRE;Real Estate;Office REITs;California;20/3/2017;1994;593;2.745.414.912;938.960.912;1.806.454.000;11.569.907.712;16.956.743.680
ATO;Atmos Energy;XLU;Utilities;Gas Utilities;Texas;15/2/2019;1906;4.791;4.410.342.912;2.601.497.912;1.808.845.000;6.650.158.080;15.950.757.888
ATVI;Activision Blizzard;XLC;Communication Services;Interactive Home Entertainment;California;31/8/2015;2008;13.000;8.705.999.872;3.399.999.872;5.306.000.000;3.612.000.000;73.699.368.960
AVB;AvalonBay Communities;XLRE;Real Estate;Multi-Family Residential REITs;Virginia;10/1/2007;1978;2.859;2.722.797.056;1.033.215.056;1.689.582.000;8.217.655.808;24.179.642.368
AVGO;Broadcom Inc.;XLK;Information Technology;Semiconductors;California;8/5/2014;1961;20.000;35.454.001.152;10.507.001.152;24.947.000.000;39.340.998.656;340.036.681.728
AVY;Avery Dennison;XLB;Materials;Paper & Plastic Packaging Products & Materials;California;31/12/1987;1990;2.900;8.498.500.096;6.094.300.096;2.404.200.000;3.545.499.904;14.729.729.024
AWK;American Water Works;XLU;Utilities;Water Utilities;New Jersey;4/3/2016;1886;6.500;4.048.000.000;1.845.000.000;2.203.000.000;12.263.000.064;23.113.050.112
AXON;Axon Enterprise;XLI;Industrials;Aerospace & Defense;Arizona;4/5/2023;1993;2.821;1.365.543.936;636.905.936;728.638.000;716.864.000;14.661.183.488
AXP;American Express;XLF;Financials;Consumer Finance;New York;30/6/1976;1850;77.300;53.008.998.400;24.232.998.400;28.776.000.000;48.831.000.576;108.325.748.736
AZO;AutoZone;XLY;Consumer Discretionary;Automotive Retail;Tennessee;2/1/1997;1979;87.000;17.457.209.344;8.386.787.344;9.070.422.000;10.585.594.880;45.583.564.800
BA;Boeing;XLI;Industrials;Aerospace & Defense;Illinois;4/3/1957;1916;156.000;73.608.003.584;67.840.003.584;5.768.000.000;52.267.999.232;112.370.860.032
BAC;Bank of America;XLF;Financials;Diversified Banks;North Carolina;30/6/1976;1874;216.000;96.442.998.784;4.035.998.784;92.407.000.000;679.177.027.584;207.082.405.888
BALL;Ball Corporation;XLB;Materials;Metal, Glass & Plastic Containers;Colorado;31/10/1984;1880;21.000;14.554.000.384;11.971.000.384;2.583.000.000;10.215.000.064;15.034.615.808
BAX;Baxter International;XLV;Health Care;Health Care Equipment;Illinois;30/9/1972;1931;60.000;15.180.999.680;9.149.999.680;6.031.000.000;16.920.999.936;18.747.113.472
BBWI;Bath & Body Works, Inc.;XLY;Consumer Discretionary;Specialty Stores;Ohio;30/9/1983;1963;8.800;7.448.000.000;4.193.000.000;3.255.000.000;5.890.999.808;7.358.049.280
BBY;Best Buy;XLY;Consumer Discretionary;Computer & Electronics Retail;Minnesota;29/6/1999;1966;52.200;44.372.000.768;34.460.000.768;9.912.000.000;4.028.999.936;14.718.857.216
BDX;Becton Dickinson;XLV;Health Care;Health Care Equipment;New Jersey;30/9/1972;1897;77.000;19.046.000.640;10.432.000.640;8.614.000.000;16.782.000.128;75.732.951.040
BEN;Franklin Templeton;XLF;Financials;Asset Management & Custody Banks;California;30/4/1998;1947;9.300;7.802.299.904;4.286.999.904;3.515.300.000;3.853.499.904;11.925.573.632
BF.B;Brown Forman;XLP;Consumer Staples;Distillers & Vintners;Kentucky;31/10/1982;1870;5.200;187.500.000.000;137.500.000.000;50.000.000.000;52.500.000.000;250.000.000.000
BG;Bunge Limited;XLP;Consumer Staples;Agricultural Products & Services;Missouri;15/3/2023;1818;23.000;63.795.998.720;59.877.998.720;3.918.000.000;5.848.000.000;15.642.664.960
BIIB;Biogen;XLV;Health Care;Biotechnology;Massachusetts;13/11/2003;1978;8.725;9.971.500.032;2.076.400.032;7.895.100.000;6.589.000.192;37.620.670.464
BIO;Bio-Rad;XLV;Health Care;Life Sciences Tools & Services;California;22/6/2020;1952;8.200;2.769.041.920;1.200.611.920;1.568.430.000;1.382.252.032;10.327.737.344
BK;BNY Mellon;XLF;Financials;Asset Management & Custody Banks;New York;31/3/1995;1784;53.200;16.992.000.000;654.000.000;16.338.000.000;79.135.997.952;32.467.421.184
BKNG;Booking Holdings;XLY;Consumer Discretionary;Hotels, Resorts & Cruise Lines;Connecticut;6/11/2009;1996;23.100;19.341.000.704;4.716.000.704;14.625.000.000;14.586.000.384;107.746.189.312
BKR;Baker Hughes;XLE;Energy;Oil & Gas Equipment & Services;Texas;7/7/2017;2017;57.000;23.303.999.488;18.872.999.488;4.431.000.000;6.710.000.128;35.317.313.536
BLK;BlackRock;XLF;Financials;Asset Management & Custody Banks;New York;4/4/2011;1988;19.300;17.354.000.384;8.567.000.384;8.787.000.000;9.717.999.616;95.598.714.880
BMY;Bristol Myers Squibb;XLV;Health Care;Pharmaceuticals;New York;4/3/1957;1887;34.300;45.186.998.272;8.808.998.272;36.378.000.000;39.209.000.960;117.867.020.288
BR;Broadridge Financial Solutions;XLI;Industrials;Data Processing & Outsourced Services;New York;18/6/2018;1962;14.700;6.060.899.840;4.275.499.840;1.785.400.000;3.652.600.064;21.091.799.040
BRK.B;Berkshire Hathaway;XLF;Financials;Multi-Sector Holdings;Nebraska;16/2/2010;1839;371.650;308.369.200.000;112.818.000.000;195.551.200.000;902.544.000.000;752.120.000.000
BRO;Brown & Brown;XLF;Financials;Insurance Brokers;Florida;20/9/2021;1939;15.201;3.968.999.936;2.218.999.936;1.750.000.000;4.047.600.128;20.068.456.448
BSX;Boston Scientific;XLV;Health Care;Health Care Equipment;Massachusetts;24/2/1995;1979;45.000;13.400.000.512;4.721.000.512;8.679.000.000;9.454.000.128;75.670.888.448
BWA;BorgWarner;XLY;Consumer Discretionary;Automotive Parts & Equipment;Michigan;19/12/2011;1880;52.700;16.867.999.744;13.766.999.744;3.101.000.000;4.450.999.808;9.087.536.128
BX;Blackstone;XLF;Financials;Asset Management & Custody Banks;New York;18/9/2023;1985;4.695;6.655.678.976;-397.538.024;7.053.217.000;13.424.132.096;126.769.020.928
BXP;Boston Properties;XLRE;Real Estate;Office REITs;Massachusetts;3/4/2006;1970;780;3.169.420.032;1.217.293.032;1.952.127.000;15.912.904.704;8.569.534.464
C;Citigroup;XLF;Financials;Diversified Banks;New York;31/5/1988;1998;240.000;70.803.996.672;243.996.672;70.560.000.000;634.030.981.120;76.796.919.808
CAG;Conagra Brands;XLP;Consumer Staples;Packaged Foods & Meats;Illinois;31/8/1983;1919;18.600;12.276.700.160;9.791.791.718;2.484.908.442;9.273.600.000;12.424.542.208
CAH;Cardinal Health;XLV;Health Care;Health Care Distributors;Ohio;27/5/1997;1971;47.040;205.011.992.576;201.250.314.916;3.761.677.660;5.269.000.192;22.127.515.648
CARR;Carrier Global;XLI;Industrials;Building Products;Florida;3/4/2020;1915;52.000;21.820.999.680;16.347.999.680;5.473.000.000;9.274.000.384;44.821.475.328
CAT;Caterpillar Inc.;XLI;Industrials;Construction Machinery & Heavy Transportation Equipment;Texas;4/3/1957;1925;111.247;73.325.362.217;53.956.398.612;19368963604;35.970.932.408;138.349.740.032
CB;Chubb Limited;XLF;Financials;Property & Casualty Insurance;Switzerland;15/7/2010;1985;34.000;46.499.999.744;35.873.999.744;10.626.000.000;18.407.000.064;86.566.510.592
CBOE;Cboe Global Markets;XLF;Financials;Financial Exchanges & Data;Illinois;1/3/2017;1973;1.543;3.894.200.064;2.152.500.064;1.741.700.000;1.743.500.032;16.904.879.104
CBRE;CBRE Group;XLRE;Real Estate;Real Estate Services;Texas;10/11/2006;1906;115.000;30.855.012.352;24.232.854.352;6.622.158.000;5.475.999.744;22.398.189.568
CCI;Crown Castle;XLRE;Real Estate;Telecom Tower REITs;Texas;14/3/2012;1994;5.000;7.150.000.128;2.232.000.128;4.918.000.000;28.509.999.104;38.948.712.448
CCL;Carnival;XLY;Consumer Discretionary;Hotels, Resorts & Cruise Lines;Florida;22/12/1998;1972;87.000;20.035.999.744;16.225.999.744;3.810.000.000;32.644.999.168;17.373.257.728
CDAY;Ceridian;XLI;Industrials;Human Resource & Employment Services;Minnesota;20/9/2021;1992;8.526;1.388.199.936;832.599.936;555.600.000;1.249.299.968;10.995.614.720
CDNS;Cadence Design Systems;XLK;Information Technology;Application Software;California;18/9/2017;1988;10.200;3.800.699.904;610.604.904;3.190.095.000;648.550.976;63.808.143.360
CDW;CDW;XLK;Information Technology;Technology Distributors;Illinois;23/9/2019;1984;11.100;22.382.999.552;17.696.399.552;4.686.600.000;6.552.999.936;27.217.104.896
CE;Celanese;XLB;Materials;Specialty Chemicals;Texas;24/12/2018;1918;13.263;10.296.999.936;7.916.999.936;2.380.000.000;14.832.000.000;13.094.895.616
CEG;Constellation Energy;XLU;Utilities;Multi-Utilities;Maryland;2/2/2022;1999;13.370;26.395.000.832;24.168.000.832;2.227.000.000;7.200.999.936;34.693.345.280
CF;CF Industries;XLB;Materials;Fertilizers & Agricultural Chemicals;Illinois;27/8/2008;1946;2.700;8.716.000.256;2.855.000.256;5.861.000.000;3.244.000.000;15.638.435.840
CFG;Citizens Financial Group;XLF;Financials;Regional Banks;Rhode Island;29/1/2016;1828;18.468;7.831.000.064;284.000.064;7.547.000.000;17.468.999.680;12.180.463.616
CHD;Church & Dwight;XLP;Consumer Staples;Household Products;New Jersey;29/12/2015;1847;5.250;5.637.300.224;3.387.300.224;2.250.000.000;2.573.900.032;22.200.821.760
CHRW;C.H. Robinson;XLI;Industrials;Air Freight & Logistics;Minnesota;2/3/2007;1905;16.523;20.115.722.240;18.223.991.240;1.891.731.000;2.097.540.992;9.820.954.624
CHTR;Charter Communications;XLC;Communication Services;Cable & Satellite;Connecticut;8/9/2016;1993;101.700;54.535.999.488;30.050.999.488;24.485.000.000;98.262.999.040;64.624.947.200
CI;Cigna;XLV;Health Care;Managed Health Care;Connecticut;30/6/1976;1982;71.300;186.021.003.264;163.040.003.264;22.981.000.000;32.732.999.680;84.457.897.984
CINF;Cincinnati Financial;XLF;Financials;Property & Casualty Insurance;Ohio;18/12/1997;1950;5.148;9.365.000.192;9.898.000.192;-533.000.000;867.000.000;15.895.786.496
CL;Colgate-Palmolive;XLP;Consumer Staples;Household Products;New York;4/3/1957;1806;33.800;18.676.000.768;8.428.000.768;10.248.000.000;8.988.999.680;57.264.951.296
CLX;Clorox;XLP;Consumer Staples;Household Products;California;31/3/1969;1913;8.700;7.389.000.192;4.484.000.192;2.905.000.000;2.953.999.872;15.469.582.336
CMA;Comerica;XLF;Financials;Diversified Banks;Texas;1/12/1995;1849;7.280;3.795.000.064;321.000.064;3.474.000.000;17.551.998.976;5.294.799.872
CMCSA;Comcast;XLC;Communication Services;Cable & Satellite;Pennsylvania;19/11/2002;1963;186.000;120.605.999.104;37.391.999.104;83.214.000.000;102.669.000.704;177.422.221.312
CME;CME Group;XLF;Financials;Financial Exchanges & Data;Illinois;11/8/2006;1848;3.460;5.227.500.032;218.700.032;5.008.800.000;3.909.600.000;74.611.941.376
CMG;Chipotle Mexican Grill;XLY;Consumer Discretionary;Restaurants;California;28/4/2011;1993;104.958;9.284.155.392;5.910.131.392;3.374.024.000;3.887.992.064;51.356.524.544
CMI;Cummins;XLI;Industrials;Industrial Machinery & Supplies & Components;Indiana;31/3/1965;1919;73.600;32.194.000.896;25.458.000.896;6.736.000.000;8.359.000.064;31.930.068.992
CMS;CMS Energy;XLU;Utilities;Multi-Utilities;Michigan;4/3/1957;1886;8.560;8.141.000.192;5.379.000.192;2.762.000.000;15.121.999.872;15.114.376.192
CNC;Centene Corporation;XLV;Health Care;Managed Health Care;Missouri;30/3/2016;1984;74.300;138.272.997.376;113.802.997.376;24.470.000.000;21.353.000.960;37.372.878.848
CNP;CenterPoint Energy;XLU;Utilities;Multi-Utilities;Texas;31/7/1985;1882;8.986;9.267.999.744;5.697.999.744;3.570.000.000;16.981.999.616;16.802.118.656
COF;Capital One;XLF;Financials;Consumer Finance;Virginia;1/7/1998;1994;55.600;26.389.999.616;-2.013.000.384;28.403.000.000;54.697.000.960;35.301.527.552
COO;CooperCompanies;XLV;Health Care;Health Care Supplies;California;23/9/2016;1958;15.000;3.514.200.064;1.347.900.064;2.166.300.000;2.594.299.904;15.427.253.248
COP;ConocoPhillips;XLE;Energy;Oil & Gas Exploration & Production;Texas;4/3/1957;2002;9.700;68.775.002.112;29.177.002.112;39.598.000.000;16.444.000.256;135.819.321.344
COR;Cencora;XLV;Health Care;Health Care Distributors;Pennsylvania;30/8/2001;1985;46.000;254.425.235.456;246.090.670.456;8.334.565.000;6.351.732.224;37.166.022.656
COST;Costco;XLP;Consumer Staples;Consumer Staples Merchandise Retail;Washington;1/10/1993;1976;304.000;242.289.999.872;212.194.999.872;30.095.000.000;8.883.999.744;252.179.480.576
CPB;Campbell Soup Company;XLP;Consumer Staples;Packaged Foods & Meats;New Jersey;4/3/1957;1869;14.500;9.356.999.680;6.421.999.680;2.935.000.000;4.967.000.064;11.670.504.448
CPRT;Copart;XLI;Industrials;Diversified Support Services;Texas;2/7/2018;1982;12.000;3.869.518.080;2.100.149.080;1.769.369.000;120.453.000;42.161.958.912
CPT;Camden Property Trust;XLRE;Real Estate;Multi-Family Residential REITs;Texas;4/4/2022;1981;1.650;1.516.905.984;611.092.984;905.813.000;3.689.530.112;10.059.963.392
CRL;Charles River Laboratories;XLV;Health Care;Life Sciences Tools & Services;Massachusetts;14/5/2021;1947;20.000;4.178.309.888;2.715.658.888;1.462.651.000;3.083.823.104;9.840.555.008
CRM;Salesforce;XLK;Information Technology;Application Software;California;15/9/2008;1999;79.390;33.070.999.552;10.078.999.552;22.992.000.000;13.900.999.680;196.555.718.656
CSCO;Cisco;XLK;Information Technology;Communications Equipment;California;1/12/1993;1984;84.900;56.997.998.592;21.244.998.592;35.753.000.000;9.452.000.256;215.191.420.928
CSGP;CoStar Group;XLRE;Real Estate;Real Estate Services;D.C.;19/9/2022;1987;5.653;2.320.538.112;552.147.112;1.768.391.000;1.098.712.064;32.458.706.944
CSX;CSX;XLI;Industrials;Rail Transportation;Florida;4/3/1957;1980;22.700;15.029.999.616;7.639.999.616;7.390.000.000;18.511.998.976;61.012.496.384
CTAS;Cintas;XLI;Industrials;Diversified Support Services;Ohio;1/3/2001;1929;44.500;8.991.644.672;2.115.750.994;6.875.893.678;2.662.354.944;49.113.526.272
CTLT;Catalent;XLV;Health Care;Pharmaceuticals;New Jersey;21/9/2020;2007;17.800;4.276.000.000;3.216.000.000;1.060.000.000;4.848.999.936;7.726.457.856
CTRA;Coterra;XLE;Energy;Oil & Gas Exploration & Production;Texas;23/6/2008;1989;981;7.683.999.744;47.999.744;7.636.000.000;2.560.999.936;20.103.499.776
CTSH;Cognizant;XLK;Information Technology;IT Consulting & Other Services;New Jersey;17/11/2006;1994;345.600;19.394.000.896;12.355.000.896;7.039.000.000;1.480.999.936;34.191.273.984
CTVA;Corteva;XLB;Materials;Fertilizers & Agricultural Chemicals;Indiana;3/6/2019;2019;21.000;17.531.000.832;10.505.000.832;7.026.000.000;5.312.999.936;35.367.538.688
CVS;CVS Health;XLV;Health Care;Health Care Services;Rhode Island;4/3/1957;1996;219.000;338.072.010.752;284.616.010.752;53.456.000.000;82.135.998.464;89.586.900.992
CVX;Chevron Corporation;XLE;Energy;Integrated Oil & Gas;California;4/3/1957;1879;43.846;214.671.998.976;115.785.998.976;98.886.000.000;21.514.000.384;312.655.642.624
CZR;Caesars Entertainment;XLY;Consumer Discretionary;Casinos & Gaming;Nevada;22/3/2021;1973;49.000;11.416.999.936;5.996.999.936;5.420.000.000;26.094.000.128;9.403.867.136
D;Dominion Energy;XLU;Utilities;Electric Utilities;Virginia;25/9/1996;1983;17.200;18.345.000.960;10.422.000.960;7.923.000.000;48.978.001.920;34.290.956.288
DAL;Delta Air Lines;XLI;Industrials;Passenger Airlines;Atlanta;11/9/2013;1929;95.000;57.259.999.232;47.579.999.232;9.680.000.000;27.899.000.832;23.446.151.168
DD;DuPont;XLB;Materials;Specialty Chemicals;Delaware;2/4/2019;2017;23.000;12.533.000.192;7.918.000.192;4.615.000.000;8.600.000.512;33.809.842.176
DE;John Deere;XLI;Industrials;Agricultural & Farm Machinery;Illinois;4/3/1957;1837;82.200;61.361.000.448;46.875.000.448;14.486.000.000;63.037.001.728;108.199.092.224
DFS;Discover Financial;XLF;Financials;Consumer Finance;Illinois;2/7/2007;1985;20.200;10.789.999.616;324.999.616;10.465.000.000;20.276.000.768;21.782.968.320
DG;Dollar General;XLP;Consumer Staples;Consumer Staples Merchandise Retail;Tennessee;3/12/2012;1939;170.000;38.806.810.624;26.986.712.624;11.820.098.000;18.035.841.024;23.347.855.360
DGX;Quest Diagnostics;XLV;Health Care;Health Care Services;New Jersey;12/12/2002;1967;40.000;9.488.000.000;6.021.000.000;3.467.000.000;4.959.000.064;13.803.782.144
DHI;D.R. Horton;XLY;Consumer Discretionary;Homebuilding;Texas;22/6/2005;1978;13.237;34.595.799.040;24.525.699.040;10.070.100.000;6.168.200.192;35.111.845.888
DHR;Danaher Corporation;XLV;Health Care;Health Care Equipment;D.C.;18/11/1998;1969;79.000;30.356.000.768;11.407.000.768;18.949.000.000;20.974.999.552;160.126.402.560
DIS;Disney;XLC;Communication Services;Movies & Entertainment;California;30/6/1976;1923;171.600;87.807.000.576;59.486.000.576;28.321.000.000;47.189.000.192;147.864.518.656
DLR;Digital Realty;XLRE;Real Estate;Data Center REITs;Texas;18/5/2016;2004;3.412;5.109.769.216;2.448.994.216;2.660.775.000;19.271.573.504;36.391.899.136
DLTR;Dollar Tree;XLP;Consumer Staples;Consumer Staples Merchandise Retail;Virginia;19/12/2011;1986;65.025;29.309.700.096;20.374.300.096;8.935.400.000;10.350.300.160;23.410.839.552
DOV;Dover Corporation;XLI;Industrials;Industrial Machinery & Supplies & Components;Illinois;31/10/1985;1955;25.000;8.476.580.864;5.406.169.864;3.070.411.000;3.422.747.904;19.345.973.248
DOW;Dow Inc.;XLB;Materials;Commodity Chemicals;Michigan;1/4/2019;2019;37.800;49.244.999.680;40.680.999.680;8.564.000.000;16.304.000.000;35.055.321.088
DPZ;Domino's;XLY;Consumer Discretionary;Restaurants;Michigan;12/5/2020;1960;6.500;4.509.852.160;3.346.576.160;1.163.276.000;5.226.727.936;12.747.302.912
DRI;Darden Restaurants;XLY;Consumer Discretionary;Restaurants;Florida;31/5/1995;1938;187.384;10.772.299.776;7.886.099.333;2.886.200.443;6.937.699.840;16.977.649.664
DTE;DTE Energy;XLU;Utilities;Multi-Utilities;Michigan;4/3/1957;1995;10.102;16.190.000.128;12.522.000.128;3.668.000.000;19.868.999.680;19.421.777.920
DUK;Duke Energy;XLU;Utilities;Electric Utilities;North Carolina;30/6/1976;1904;27.859;28.597.999.616;15.485.999.616;13.112.000.000;78.822.998.016;65.880.121.344
DVA;DaVita Inc.;XLV;Health Care;Health Care Facilities;Colorado;31/7/2008;1979;70.000;11.738.649.600;8.338.308.600;3.400.341.000;11.478.210.560;8.383.000.064
DVN;Devon Energy;XLE;Energy;Oil & Gas Exploration & Production;Oklahoma;30/8/2000;1971;1.800;16.023.000.064;4.694.000.064;11.329.000.000;6.736.000.000;27.453.995.008
DXC;DXC Technology;XLK;Information Technology;IT Consulting & Other Services;Virginia;4/4/2017;2017;170.500;14.168.999.936;10.832.870.528;3.336.129.408;5.486.000.128;4.448.172.544
DXCM;Dexcom;XLV;Health Care;Health Care Equipment;California;12/5/2020;1999;7.500;3.197.600.000;1.314.500.000;1.883.100.000;3.371.599.872;32.581.246.976
EA;Electronic Arts;XLC;Communication Services;Interactive Home Entertainment;California;22/7/2002;1982;13.400;7.583.000.064;1.829.000.064;5.754.000.000;2.216.999.936;32.723.460.096
EBAY;eBay;XLY;Consumer Discretionary;Broadline Retail;California;22/7/2002;1995;11.600;9.939.999.744;2.824.999.744;7.115.000.000;8.218.999.808;22.675.210.240
ECL;Ecolab;XLB;Materials;Specialty Chemicals;Minnesota;31/1/1989;1923;47.000;14.764.199.936;9.337.499.936;5.426.700.000;9.066.999.808;48.011.124.736
ED;Consolidated Edison;XLU;Utilities;Electric Utilities;New York;4/3/1957;1823;14.319;15.541.999.616;7.856.999.616;7.685.000.000;23.835.000.832;29.235.759.104
EFX;Equifax;XLI;Industrials;Research & Consulting Services;Atlanta;19/6/1997;1899;14.000;5.061.799.936;2.116.799.936;2.945.000.000;5.672.099.840;22.184.095.744
EG;Everest Re;XLF;Financials;Reinsurance;Bermuda;19/6/2017;1973;2.428;13.354.900.480;12.502.000.480;852.900.000;3.084.999.936;16.800.664.576
EIX;Edison International;XLU;Utilities;Electric Utilities;California;4/3/1957;1886;13.388;17.173.999.616;7.759.999.616;9.414.000.000;34.710.999.040;23.261.808.640
EL;EstÃ©e Lauder Companies (The);XLP;Consumer Staples;Personal Care Products;New York;5/1/2006;1946;44.020;15.909.999.616;5.791.028.224;10.118.971.392;10.318.999.552;50.594.856.960
ELV;Elevance Health;XLV;Health Care;Managed Health Care;Indiana;25/7/2002;1946;102.300;165.716.000.768;125.604.000.768;40.112.000.000;26.019.000.320;104.597.078.016
EMN;Eastman Chemical Company;XLB;Materials;Diversified Chemicals;Tennessee;1/1/1994;1920;14.500;9.818.000.384;7.642.000.384;2.176.000.000;5.512.000.000;8.726.906.880
EMR;Emerson Electric;XLI;Industrials;Electrical Components & Equipment;Missouri;31/3/1965;1890;85.500;20.792.000.512;12.604.000.512;8.188.000.000;8.814.999.552;53.486.686.208
ENPH;Enphase;XLK;Information Technology;Electronic Components;California;7/1/2021;2006;2.821;2.796.498.944;1.821.903.944;974.595.000;1.320.580.992;15.818.545.152
EOG;EOG Resources;XLE;Energy;Oil & Gas Exploration & Production;Texas;2/11/2000;1999;2.850;25.225.000.960;5.093.000.960;20.132.000.000;4.148.999.936;68.974.632.960
EPAM;EPAM Systems;XLK;Information Technology;IT Consulting & Other Services;Pennsylvania;14/12/2021;1993;59.300;4.839.370.240;3.279.055.240;1.560.315.000;180.842.000;13.795.250.176
EQIX;Equinix;XLRE;Real Estate;Data Center REITs;California;20/3/2015;1998;12.621;7.188.203.008;4.216.517.008;2.971.686.000;17.177.803.776;67.459.354.624
EQR;Equity Residential;XLRE;Real Estate;Multi-Family Residential REITs;Illinois;3/12/2001;1969;2.400;2.817.199.104;1.064.600.104;1.752.599.000;7.756.782.080;22.162.001.920
EQT;EQT;XLE;Energy;Oil & Gas Exploration & Production;Pennsylvania;3/10/2022;1888;744;8.847.576.064;-875.083.936;9.722.660.000;4.671.553.024;16.898.549.760
ES;Eversource;XLU;Utilities;Multi-Utilities;Connecticut;30/7/1983;1966;10.000;12.670.369.792;7.260.435.792;5.409.934.000;24.822.075.392;19.273.037.824
ESS;Essex Property Trust;XLRE;Real Estate;Multi-Family Residential REITs;California;2/4/2014;1971;1.770;1.689.762.048;567.023.048;1.122.739.000;6.008.764.928;14.109.920.256
ETN;Eaton Corporation;XLI;Industrials;Electrical Components & Equipment;Ireland;4/3/1957;1911;92.000;22.047.000.576;15.160.000.576;6.887.000.000;9.781.999.616;81.068.818.432
ETR;Entergy;XLU;Utilities;Electric Utilities;Louisiana;4/3/1957;1913;12.000;13.318.200.320;8.039.849.320;5.278.351.000;27.279.112.192;19.403.202.560
ETSY;Etsy;XLY;Consumer Discretionary;Broadline Retail;New York;21/9/2020;2005;2.790;2.671.462.912;849.943.912;1.821.519.000;2.388.976.128;7.732.660.224
EVRG;Evergy;XLU;Utilities;Electric Utilities;Missouri;5/6/2018;1909;4.512;5.839.699.968;3.205.599.968;2.634.100.000;12.904.599.552;11.103.795.200
EW;Edwards Lifesciences;XLV;Health Care;Health Care Equipment;California;1/4/2011;1958;17.300;5.657.099.776;1.353.499.776;4.303.600.000;684.499.968;43.891.535.872
EXC;Exelon;XLU;Utilities;Multi-Utilities;Illinois;4/3/1957;2000;19.063;19.892.000.768;11.778.000.768;8.114.000.000;42.623.000.576;37.231.144.960
EXPD;Expeditors International;XLI;Industrials;Air Freight & Logistics;Washington;10/10/2007;1979;19.900;12.636.014.592;10.360.546.592;2.275.468.000;526.791.008;16.891.315.200
EXPE;Expedia Group;XLY;Consumer Discretionary;Hotels, Resorts & Cruise Lines;Washington;2/10/2007;1996;16.500;12.259.999.744;2.249.999.744;10.010.000.000;6.549.000.192;14.322.162.688
EXR;Extra Space Storage;XLRE;Real Estate;Self-Storage REITs;Utah;19/1/2016;1977;4.781;2.065.756.032;549.858.032;1.515.898.000;7.721.080.832;25.469.497.344
F;Ford Motor Company;XLY;Consumer Discretionary;Automobile Manufacturers;Michigan;4/3/1957;1903;173.000;169.818.996.736;152.603.996.736;17.215.000.000;144.849.993.728;47.626.534.912
FANG;Diamondback Energy;XLE;Energy;Oil & Gas Exploration & Production;Texas;3/12/2018;2007;972;7.820.000.256;-352.999.744;8.173.000.000;6.735.000.064;25.950.066.688
FAST;Fastenal;XLI;Industrials;Building Products;Minnesota;15/9/2008;1967;20.631;16.624.076.943;13.408.276.943;3.215.800.000;7.841.545.728;31.366.182.912
FCX;Freeport-McMoRan;XLB;Materials;Copper;Arizona;5/4/1944;1912;25.600;21.887.000.576;12.177.000.576;9.710.000.000;9.495.000.064;50.707.841.024
FDS;FactSet;XLF;Financials;Financial Exchanges & Data;Connecticut;20/12/2021;1978;12.237;2.085.507.968;973.224.968;1.112.283.000;1.839.921.024;17.134.892.032
FDX;FedEx;XLI;Industrials;Air Freight & Logistics;Tennessee;31/12/1980;1971;328.000;88.593.997.824;64.197.997.824;24.396.000.000;16.289.502.208;65.158.008.832
FE;FirstEnergy;XLU;Utilities;Electric Utilities;Ohio;28/11/1997;1997;12.335;12.698.000.384;4.467.000.384;8.231.000.000;24.007.999.488;19.368.167.424
FFIV;F5, Inc.;XLK;Information Technology;Communications Equipment;Washington;20/12/2010;1996;6.149;2.806.227.968;650.009.968;2.156.218.000;292.232.000;9.226.890.240
FI;Fiserv;XLF;Financials;Transaction & Payment Processing Services;Wisconsin;2/4/2001;1984;41.000;18.452.000.768;8.707.000.768;9.745.000.000;23.320.999.936;68.977.934.336
FICO;Fair Isaac;XLK;Information Technology;Application Software;Montana;20/3/2023;1956;3.437;1.472.572.032;397.476.032;1.075.096.000;1.971.992.064;21.440.081.920
FIS;FIS;XLF;Financials;Transaction & Payment Processing Services;Florida;10/11/2006;1968;69.000;14.574.000.128;8.866.000.128;5.708.000.000;19.517.999.104;32.081.981.440
FITB;Fifth Third Bank;XLF;Financials;Regional Banks;Ohio;29/3/1996;1858;19.225;8.208.999.936;385.999.936;7.823.000.000;22.027.999.232;16.552.412.160
FLT;Fleetcor;XLF;Financials;Transaction & Payment Processing Services;Atlanta;20/6/2018;2000;9.900;3.626.117.120;963.695.120;2.662.422.000;6.757.541.888;18.642.442.240
FMC;FMC Corporation;XLB;Materials;Fertilizers & Agricultural Chemicals;Pennsylvania;19/8/2009;1883;6.600;5.358.000.128;3.031.200.128;2.326.800.000;4.831.200.256;7.921.856.000
FOX;Fox Corporation (Class B);XLC;Communication Services;Movies & Entertainment;New York;18/9/2015;2019;10.400;14.913.000.448;9.689.000.448;5.224.000.000;8.207.000.064;14.154.018.816
FOXA;Fox Corporation (Class A);XLC;Communication Services;Movies & Entertainment;New York;1/7/2013;2019;10.400;14.913.000.448;9.689.000.448;5.224.000.000;8.207.000.064;14.142.389.248
FRT;Federal Realty;XLRE;Real Estate;Retail REITs;Maryland;1/2/2016;1962;314;1.111.591.936;381.011.936;730.580.000;4.576.219.136;7.216.961.024
FSLR;First Solar;XLK;Information Technology;Semiconductors;Arizona;19/12/2022;1999;5.500;2.990.283.008;2.862.625.008;127.658.000;483.296.992;15.527.886.848
FTNT;Fortinet;XLK;Information Technology;Systems Software;California;11/10/2018;2000;13.677;4.987.599.872;1.655.099.872;3.332.500.000;1.064.300.032;45.565.255.680
FTV;Fortive;XLI;Industrials;Industrial Machinery & Supplies & Components;Washington;1/7/2016;2016;18.000;5.973.000.192;2.609.600.192;3.363.400.000;3.144.100.096;26.260.989.952
GD;General Dynamics;XLI;Industrials;Aerospace & Defense;Virginia;4/3/1957;1899;106.500;40.859.000.832;34.237.000.832;6.622.000.000;11.484.999.680;59.182.071.808
GE;General Electric;XLI;Industrials;Industrial Conglomerates;Massachusetts;4/3/1957;1892;172.000;80.938.000.384;62.402.000.384;18.536.000.000;23.879.000.064;118.328.680.448
GEHC;GE HealthCare;XLV;Health Care;Health Care Technology;Illinois;4/1/2023;1994;50.000;19.037.999.104;11.858.999.104;7.179.000.000;10.608.000.000;30.747.049.984
GEN;Gen Digital;XLK;Information Technology;Application Software;Arizona;25/3/2003;1982;3.700;3.576.999.936;2.925.155.881;651.844.055;9.610.999.808;10.864.067.584
GILD;Gilead Sciences;XLV;Health Care;Biotechnology;California;1/7/2004;1987;17.000;27.381.999.616;5.757.999.616;21.624.000.000;25.245.999.104;93.076.938.752
GIS;General Mills;XLP;Consumer Staples;Packaged Foods & Meats;Minnesota;4/3/1957;1856;34.000;20.281.300.992;13.735.500.992;6.545.800.000;12.282.399.744;36.248.555.520
GL;Globe Life;XLF;Financials;Life & Health Insurance;Texas;30/4/1989;1900;3.543;5.268.239.872;3.917.579.872;1.350.660.000;2.056.349.056;10.437.751.808
GLW;Corning Inc.;XLK;Information Technology;Electronic Components;New York;27/2/1995;1851;57.500;13.315.000.320;8.472.000.320;4.843.000.000;8.553.999.872;25.316.505.600
GM;General Motors;XLY;Consumer Discretionary;Automobile Manufacturers;Michigan;6/6/2013;1908;167.000;169.728.999.424;148.574.999.424;21.154.000.000;120.920.997.888;41.703.833.600
GNRC;Generac;XLI;Industrials;Electrical Components & Equipment;Wisconsin;22/3/2021;1959;9.160;4.025.819.904;2.503.815.904;1.522.004.000;1.739.788.032;6.294.594.048
GOOG;Alphabet Inc. (Class C);XLC;Communication Services;Interactive Media & Services;California;3/4/2006;1998;181.798;289.531.002.880;132.898.002.880;156.633.000.000;29.432.000.512;1.708.659.965.952
GPC;Genuine Parts Company;XLY;Consumer Discretionary;Automotive Parts & Equipment;Atlanta;31/12/1973;1925;58.000;22.879.047.680;15.138.943.680;7.740.104.000;4.266.317.056;20.039.098.368
GPN;Global Payments;XLF;Financials;Transaction & Payment Processing Services;Atlanta;25/4/2016;2000;25.000;9.283.270.656;4.054.272.656;5.228.998.000;17.588.615.168;29.670.516.736
GRMN;Garmin;XLY;Consumer Discretionary;Consumer Electronics;Switzerland;12/12/2012;1989;19.700;4.915.009.024;2.108.234.024;2.806.775.000;142.440.000;20.023.963.648
GS;Goldman Sachs;XLF;Financials;Investment Banking & Brokerage;New York;22/7/2002;1869;44.600;43.755.999.232;6.225.999.232;37.530.000.000;638.347.968.512;102.362.849.280
GWW;W. W. Grainger;XLI;Industrials;Industrial Machinery & Supplies & Components;Illinois;30/6/1981;1927;23.000;16.017.000.448;10.168.000.448;5.849.000.000;2.782.000.128;35.128.131.584
HAL;Halliburton;XLE;Energy;Oil & Gas Equipment & Services;Texas;4/3/1957;1919;47.000;22.414.000.128;19.171.000.128;3.243.000.000;9.075.999.744;34.198.661.120
HAS;Hasbro;XLY;Consumer Discretionary;Leisure Products;Rhode Island;30/9/1984;1923;6.490;5.565.400.064;2.649.700.064;2.915.700.000;4.067.099.904;8.311.972.864
HBAN;Huntington Bancshares;XLF;Financials;Regional Banks;Michigan;28/8/1997;1866;20.198;7.240.000.000;284.000.000;6.956.000.000;17.407.000.576;14.522.234.880
HCA;HCA Healthcare;XLV;Health Care;Health Care Facilities;Tennessee;27/1/2015;1968;207.000;61.920.002.048;38.743.002.048;23.177.000.000;40.738.000.896;66.754.011.136
HD;Home Depot (The);XLY;Consumer Discretionary;Home Improvement Retail;Atlanta;31/3/1988;1978;470.000;154.876.002.304;102.098.002.304;52.778.000.000;49.493.000.192;291.720.429.568
HES;Hess Corporation;XLE;Energy;Integrated Oil & Gas;New York;31/5/1984;1919;1.623;10.535.000.064;2.794.000.064;7.741.000.000;9.267.000.320;43.584.237.568
HIG;Hartford (The);XLF;Financials;Property & Casualty Insurance;Connecticut;4/3/1957;1810;18.800;23.576.999.936;16.197.999.936;7.379.000.000;4.362.999.808;21.602.912.256
HII;Huntington Ingalls Industries;XLI;Industrials;Aerospace & Defense;Virginia;3/1/2018;2011;43.000;10.899.000.320;9.459.000.320;1.440.000.000;3.104.000.000;7.985.081.344
HLT;Hilton Worldwide;XLY;Consumer Discretionary;Hotels, Resorts & Cruise Lines;Virginia;19/6/2017;1919;159.000;4.188.999.936;1.451.999.936;2.737.000.000;9.569.999.872;39.182.643.200
HOLX;Hologic;XLV;Health Care;Health Care Equipment;Massachusetts;30/3/2016;1985;6.944;4.038.299.904;727.799.904;3.310.500.000;2.840.199.936;16.996.525.056
HON;Honeywell;XLI;Industrials;Industrial Conglomerates;North Carolina;4/3/1957;1906;97.000;36.146.999.296;24.505.999.296;11.641.000.000;22.364.000.256;119.526.268.928
HPE;Hewlett Packard Enterprise;XLK;Information Technology;Technology Hardware, Storage & Peripherals;Texas;2/11/2015;2015;60.200;29.654.999.040;20.148.999.040;9.506.000.000;13.509.000.192;21.539.221.504
HPQ;HP Inc.;XLK;Information Technology;Technology Hardware, Storage & Peripherals;California;31/12/1974;2015;58.000;54.748.000.256;42.413.000.256;12.335.000.000;11.009.999.872;25.922.295.808
HRL;Hormel Foods;XLP;Consumer Staples;Packaged Foods & Meats;Minnesota;4/3/2009;1891;20.000;12.195.404.800;10.030.718.800;2.164.686.000;3.307.361.024;20.411.066.368
HSIC;Henry Schein;XLV;Health Care;Health Care Distributors;New York;17/3/2015;1932;23.000;12.597.999.616;8.766.999.616;3.831.000.000;1.882.000.000;9.618.891.776
HST;Host Hotels & Resorts;XLRE;Real Estate;Hotel & Resort REITs;Maryland;20/3/2007;1993;165;5.235.999.744;3.705.999.744;1.530.000.000;4.776.999.936;11.603.568.640
HSY;Hershey's;XLP;Consumer Staples;Packaged Foods & Meats;Pennsylvania;4/3/1957;1894;18.075;10.858.385.408;6.359.838.408;4.498.547.000;5.278.499.840;39.975.538.688
HUM;Humana;XLV;Health Care;Managed Health Care;Kentucky;3/2/1971;1961;67.100;98.727.002.112;81.547.002.112;17.180.000.000;12.200.999.936;60.588.044.288
HWM;Howmet Aerospace;XLI;Industrials;Aerospace & Defense;Pennsylvania;4/3/1957;2016;21.400;6.197.000.192;4.601.000.192;1.596.000.000;4.100.000.000;18.809.051.136
IBM;IBM;XLK;Information Technology;IT Consulting & Other Services;New York;4/3/1957;1911;288.300;60.524.998.656;27.836.998.656;32.688.000.000;60.303.998.976;128.925.573.120
ICE;Intercontinental Exchange;XLF;Financials;Financial Exchanges & Data;Atlanta;26/9/2007;2000;9.116;7.362.999.808;70.999.808;7.292.000.000;18.346.000.384;62.655.041.536
IDXX;Idexx Laboratories;XLV;Health Care;Health Care Equipment;Maine;5/1/2017;1983;11.000;3.514.053.888;1.509.715.888;2.004.338.000;1.155.538.944;35.738.497.024
IEX;IDEX Corporation;XLI;Industrials;Industrial Machinery & Supplies & Components;Illinois;9/8/2019;1988;8.868;3.326.299.904;1.890.899.904;1.435.400.000;1.595.200.000;15.508.931.584
IFF;International Flavors & Fragrances;XLB;Materials;Specialty Chemicals;New York;31/3/1976;1889;24.600;11.863.000.064;7.712.000.064;4.151.000.000;11.338.999.808;16.474.028.032
ILMN;Illumina;XLV;Health Care;Life Sciences Tools & Services;California;19/11/2015;1998;11.500;4.461.000.192;1.316.000.192;3.145.000.000;3.048.000.000;22.071.767.040
INCY;Incyte;XLV;Health Care;Biotechnology;Delaware;28/2/2017;1991;2.324;3.513.285.888;1.919.556.888;1.593.729.000;39.741.000;13.178.615.808
INTC;Intel;XLK;Information Technology;Semiconductors;California;31/12/1976;1968;131.900;54.044.000.256;27.178.000.256;26.866.000.000;49.045.999.616;150.307.323.904
INTU;Intuit;XLK;Information Technology;Application Software;California;5/12/2000;1983;18.200;14.368.000.000;2.980.000.000;11.388.000.000;8.681.863.250;144.697.720.832
INVH;Invitation Homes;XLRE;Real Estate;Single-Family Residential REITs;Texas;19/9/2022;2012;1.511;2.328.003.072;973.775.072;1.354.228.000;7.781.683.200;19.454.910.464
IP;International Paper;XLB;Materials;Paper & Plastic Packaging Products & Materials;Tennessee;4/3/1957;1898;39.000;20.237.000.704;14.219.000.704;6.018.000.000;6.275.999.744;12.092.665.856
IPG;Interpublic Group of Companies (The);XLC;Communication Services;Advertising;New York;1/10/1992;1930;57.800;9.352.099.840;7.226.199.840;2.125.900.000;4.756.299.776;10.912.907.264
IQV;IQVIA;XLV;Health Care;Life Sciences Tools & Services;North Carolina;29/8/2017;1982;87.000;14.680.999.936;9.652.999.936;5.028.000.000;14.019.000.320;36.225.196.032
IR;Ingersoll Rand;XLI;Industrials;Industrial Machinery & Supplies & Components;North Carolina;3/3/2020;1859;17.000;6.455.199.744;4.129.599.744;2.325.600.000;2.818.400.000;25.404.346.368
IRM;Iron Mountain;XLRE;Real Estate;Other Specialized REITs;Massachusetts;6/1/2009;1951;26.000;5.238.279.168;2.323.825.168;2.914.454.000;14.064.402.432;16.723.119.104
ISRG;Intuitive Surgical;XLV;Health Care;Health Care Equipment;California;2/6/2008;1995;12.120;6.664.500.224;2.468.500.224;4.196.000.000;20.384.913.818;101.924.569.088
IT;Gartner;XLK;Information Technology;IT Consulting & Other Services;Connecticut;5/4/2017;1979;20.104;5.748.639.232;1.966.564.232;3.782.075.000;3.120.248.064;27.757.506.560
ITW;Illinois Tool Works;XLI;Industrials;Industrial Machinery & Supplies & Components;Illinois;28/2/1986;1912;46.000;16.074.999.808;9.571.999.808;6.503.000.000;8.222.000.128;70.405.464.064
IVZ;Invesco;XLF;Financials;Asset Management & Custody Banks;Atlanta;21/8/2008;1935;8.621;5.750.099.968;3.852.299.968;1.897.800.000;1.488.600.064;6.123.676.160
J;Jacobs Solutions;XLI;Industrials;Construction & Engineering;Texas;26/10/2007;1947;60.000;15.944.750.080;12.616.426.080;3.328.324.000;3.924.538.112;16.922.120.192
JBHT;J.B. Hunt;XLI;Industrials;Cargo Ground Transportation;Arkansas;1/7/2015;1961;37.151;13.850.090.496;11.272.303.496;2.577.787.000;1.805.352.960;19.232.505.856
JCI;Johnson Controls;XLI;Industrials;Building Products;Ireland;27/8/2010;1885;100.000;26.612.000.768;18.269.000.768;8.343.000.000;11.196.000.256;34.920.824.832
JKHY;Jack Henry & Associates;XLF;Financials;Transaction & Payment Processing Services;Missouri;13/11/2018;1976;7.120;2.077.702.016;1.219.062.016;858.640.000;325.268.992;10.836.698.112
JNJ;Johnson & Johnson;XLV;Health Care;Pharmaceuticals;New Jersey;30/6/1973;1886;152.700;97.773.002.752;33.819.002.752;63.954.000.000;45.602.000.896;378.394.673.152
JNPR;Juniper Networks;XLK;Information Technology;Communications Equipment;California;2/6/2006;1996;10.901;5.665.299.968;2.706.999.968;2.958.300.000;1.785.100.032;8.506.399.232
JPM;JPMorgan Chase;XLF;Financials;Diversified Banks;New York;30/6/1975;1871;300.066;135.220.002.816;12.914.002.816;122.306.000.000;746.319.970.304;415.280.234.496
K;Kellogg's;XLP;Consumer Staples;Packaged Foods & Meats;Michigan;11/9/1989;1906;30.000;15.873.000.448;11.248.000.448;4.625.000.000;7.442.999.808;17.336.453.120
KDP;Keurig Dr Pepper;XLP;Consumer Staples;Soft Drinks & Non-alcoholic Beverages;Massachusetts;21/6/2022;1981;28.000;14.567.000.064;7.235.000.064;7.332.000.000;14.373.000.192;42.211.225.600
KEY;KeyCorp;XLF;Financials;Regional Banks;Ohio;1/3/1994;1825;17.987;6.384.000.000;-359.000.000;6.743.000.000;32.270.000.128;9.639.965.696
KEYS;Keysight;XLK;Information Technology;Electronic Equipment & Instruments;California;6/11/2018;1939;14.800;5.596.000.256;2.146.000.256;3.450.000.000;2.022.000.000;22.956.896.256
KHC;Kraft Heinz;XLP;Consumer Staples;Packaged Foods & Meats;Pennsylvania;6/7/2015;1869;37.000;27.096.000.512;18.861.000.512;8.235.000.000;20.049.000.448;39.698.333.696
KIM;Kimco Realty;XLRE;Real Estate;Retail REITs;New York;4/4/2006;1958;639;1.758.968.960;562.191.960;1.196.777.000;7.245.817.856;10.482.085.888
KLAC;KLA Corporation;XLK;Information Technology;Semiconductor Materials & Equipment;California;30/9/1997;1997;15.000;10.496.056.320;6.724.735.672;3.771.320.648;6.063.132.160;62.855.344.128
KMB;Kimberly-Clark;XLP;Consumer Staples;Household Products;Texas;4/3/1957;1872;44.000;20.345.999.360;14.126.999.360;6.219.000.000;8.344.999.936;40.071.540.736
KMI;Kinder Morgan;XLE;Energy;Oil & Gas Storage & Transportation;Texas;25/5/2012;1997;10.525;17.144.999.936;9.854.999.936;7.290.000.000;31.778.000.896;36.007.227.392
KMX;CarMax;XLY;Consumer Discretionary;Automotive Retail;Virginia;28/6/2010;1993;30.000;28.544.348.160;25.744.145.160;2.800.203.000;19.696.463.872;10.487.954.432
KO;Coca-Cola Company (The);XLP;Consumer Staples;Soft Drinks & Non-alcoholic Beverages;Atlanta;4/3/1957;1886;82.500;44.139.999.232;19.135.999.232;25.004.000.000;43.194.998.784;226.508.947.456
KR;Kroger;XLP;Consumer Staples;Food Retail;Ohio;4/3/1957;1883;430.000;148.037.992.448;115.229.992.448;32.808.000.000;21.152.999.424;31.757.801.472
KVUE;Kenvue;XLP;Consumer Staples;Personal Care Products;New Jersey;25/8/2023;2022;22.000;15.418.999.808;7.078.999.808;8.340.000.000;8.602.999.808;37.838.225.408
L;Loews Corporation;XLF;Financials;Multi-line Insurance;New York;31/5/1995;1959;12.050;14.970.999.808;10.273.999.808;4.697.000.000;9.054.999.552;14.166.474.752
LDOS;Leidos;XLI;Industrials;Diversified Support Services;Virginia;9/8/2019;1969;45.000;14.842.000.384;12.758.000.384;2.084.000.000;5.441.999.872;12.423.398.400
LEN;Lennar;XLY;Consumer Discretionary;Homebuilding;Florida;4/10/2005;1954;12.012;33.439.549.440;26.237.405.440;7.202.144.000;4.623.764.992;30.603.888.640
LH;LabCorp;XLV;Health Care;Health Care Services;North Carolina;1/11/2004;1978;60.000;14.880.799.744;10.495.699.744;4.385.100.000;6.288.699.904;17.789.992.960
LHX;L3Harris;XLI;Industrials;Aerospace & Defense;Florida;22/9/2008;1895;46.000;17.987.999.744;13.060.999.744;4.927.000.000;9.523.999.744;30.503.368.704
LIN;Linde plc;XLB;Materials;Industrial Gases;United Kingdom;1/7/1992;1879;66.270;33.092.999.168;19.178.999.168;13.914.000.000;17.489.999.872;180.471.693.312
LKQ;LKQ Corporation;XLY;Consumer Discretionary;Distributors;Illinois;23/5/2016;1998;45.000;12.901.999.616;7.678.999.616;5.223.000.000;5.329.999.872;13.158.404.096
LLY;Eli Lilly and Company;XLV;Health Care;Pharmaceuticals;Indiana;31/12/1970;1876;39.000;29.515.499.520;7.603.899.520;21.911.600.000;18.953.500.672;514.024.210.432
LMT;Lockheed Martin;XLI;Industrials;Aerospace & Defense;Maryland;4/3/1957;1995;116.000;67.392.999.424;59.005.999.424;8.387.000.000;17.545.000.960;100.065.050.624
LNT;Alliant Energy;XLU;Utilities;Electric Utilities;Wisconsin;1/7/2016;1917;3.129;4.183.000.064;2.474.000.064;1.709.000.000;9.036.000.256;12.031.951.872
LOW;Lowe's;XLY;Consumer Discretionary;Home Improvement Retail;North Carolina;29/2/1984;1959;300.000;93.227.999.232;60.970.999.232;32.257.000.000;40.668.000.256;115.307.577.344
LRCX;Lam Research;XLK;Information Technology;Semiconductor Materials & Equipment;California;29/6/2012;1980;17.200;17.428.516.864;12.463.606.989;4.964.909.875;5.249.108.992;82.748.497.920
LUV;Southwest Airlines;XLI;Industrials;Passenger Airlines;Texas;1/7/1994;1967;71.299;25.134.999.552;19.158.999.552;5.976.000.000;9.328.000.000;16.272.719.872
LVS;Las Vegas Sands;XLY;Consumer Discretionary;Casinos & Gaming;Nevada;3/10/2019;1988;35.500;6.784.000.000;4.199.000.000;2.585.000.000;14.919.999.488;33.712.109.568
LW;Lamb Weston;XLP;Consumer Staples;Packaged Foods & Meats;Idaho;3/12/2018;1950;10.200;5.890.299.904;3.039.949.005;2.850.350.899;3.473.299.968;14.251.754.496
LYB;LyondellBasell;XLB;Materials;Specialty Chemicals;Netherlands;5/9/2012;2007;19.300;43.008.999.424;36.404.999.424;6.604.000.000;13.304.000.512;29.492.662.272
LYV;Live Nation Entertainment;XLC;Communication Services;Movies & Entertainment;California;23/12/2019;2010;12.800;19.202.385.920;14.858.655.920;4.343.730.000;8.413.015.040;19.615.770.624
MA;Mastercard;XLF;Financials;Transaction & Payment Processing Services;New York;18/7/2008;1966;29.900;23.590.000.640;1.353.000.640;22.237.000.000;15.619.999.744;371.419.971.584
MAA;Mid-America Apartment Communities;XLRE;Real Estate;Multi-Family Residential REITs;Tennessee;2/12/2016;1977;2.387;2.112.926.976;882.217.976;1.230.709.000;4.424.393.216;15.381.636.096
MAR;Marriott International;XLY;Consumer Discretionary;Hotels, Resorts & Cruise Lines;Maryland;29/5/1998;1927;377.000;5.970.999.808;1.688.999.808;4.282.000.000;12.295.999.488;58.088.206.336
MAS;Masco;XLI;Industrials;Building Products;Michigan;30/6/1981;1929;19.000;8.232.999.936;5.487.999.936;2.745.000.000;3.276.999.936;11.745.636.352
MCD;McDonald's;XLY;Consumer Discretionary;Restaurants;Illinois;30/6/1970;1940;100.000;24.193.900.544;10.986.700.544;13.207.200.000;48.560.300.032;183.815.897.088
MCHP;Microchip Technology;XLK;Information Technology;Semiconductors;Arizona;7/9/2007;1989;22.600;8.763.700.224;6.237.446.185;2.526.254.039;6.062.600.192;42.104.233.984
MCK;McKesson;XLV;Health Care;Health Care Distributors;Texas;13/1/1999;1833;45.000;284.040.003.584;271.682.003.584;12.358.000.000;7.475.999.744;60.139.311.104
MCO;Moody's Corporation;XLF;Financials;Financial Exchanges & Data;New York;1/7/1998;1909;14.635;5.528.999.936;1.673.999.936;3.855.000.000;7.911.000.064;57.603.977.216
MDLZ;Mondelez International;XLP;Consumer Staples;Packaged Foods & Meats;Illinois;2/10/2012;2012;91.000;34.130.999.296;22.774.999.296;11.356.000.000;21.717.999.616;88.522.530.816
MDT;Medtronic;XLV;Health Care;Health Care Equipment;Ireland;31/10/1986;1949;95.000;31.558.000.640;14.333.623.009;17.224.377.631;24.981.999.616;101.319.868.416
MET;MetLife;XLF;Financials;Life & Health Insurance;New York;11/12/2000;1868;45.000;71.029.997.568;56.136.997.568;14.893.000.000;106.976.002.048;45.339.406.336
META;Meta Platforms;XLC;Communication Services;Interactive Media & Services;California;23/12/2013;2004;71.469;120.524.996.608;27.669.996.608;92.855.000.000;36.977.999.872;784.273.440.768
MGM;MGM Resorts;XLY;Consumer Discretionary;Casinos & Gaming;Nevada;26/7/2017;1986;57.000;14.777.702.400;8.303.200.400;6.474.502.000;32.037.664.768;12.207.428.608
MHK;Mohawk Industries;XLY;Consumer Discretionary;Home Furnishings;Atlanta;23/12/2013;1878;40.900;11.324.864.512;8.310.621.512;3.014.243.000;3.468.072.960;5.194.556.928
MKC;McCormick & Company;XLP;Consumer Staples;Packaged Foods & Meats;Maryland;20/3/2003;1889;14.200;6.605.100.032;4.330.600.032;2.274.500.000;4.833.399.808;17.547.536.384
MKTX;MarketAxess;XLF;Financials;Financial Exchanges & Data;New York;1/7/2019;2000;744;733.028.992;67.692.992;665.336.000;79.922.000;8.500.398.080
MLM;Martin Marietta Materials;XLB;Materials;Construction Materials;North Carolina;2/7/2014;1993;9.400;6.032.900.096;4.607.000.096;1.425.900.000;5.433.299.968;25.973.215.232
MMC;Marsh McLennan;XLF;Financials;Insurance Brokers;New York;31/8/1987;1905;85.000;21.592.000.512;12.708.000.512;8.884.000.000;14.629.999.616;94.799.650.816
MMM;3M;XLI;Industrials;Industrial Conglomerates;Minnesota;4/3/1957;1902;92.000;33.053.999.104;18.053.999.104;15.000.000.000;16.899.999.744;48.481.460.224
MNST;Monster Beverage;XLP;Consumer Staples;Soft Drinks & Non-alcoholic Beverages;California;28/6/2012;1935;4.607;6.691.107.840;3.516.540.840;3.174.567.000;40.898.000;52.470.276.096
MO;Altria;XLP;Consumer Staples;Tobacco;Virginia;4/3/1957;1985;6.300;20.579.000.320;6.396.000.320;14.183.000.000;27.195.000.832;74.515.881.984
MOH;Molina Healthcare;XLV;Health Care;Managed Health Care;California;2/3/2022;1980;15.000;31.835.000.832;27.909.000.832;3.926.000.000;2.380.999.936;19.185.946.624
MOS;Mosaic Company (The);XLB;Materials;Fertilizers & Agricultural Chemicals;Florida;26/9/2011;1909;13.570;16.828.099.584;11.050.999.584;5.777.100.000;3.835.899.904;11.297.519.616
MPC;Marathon Petroleum;XLE;Energy;Oil & Gas Refining & Marketing;Ohio;1/7/2011;1887;17.800;157.515.005.952;130.950.005.952;26.565.000.000;28.565.000.192;56.889.802.752
MPWR;Monolithic Power Systems;XLK;Information Technology;Semiconductors;Washington;12/2/2021;1997;3.247;1.847.623.040;799.071.040;1.048.552.000;6.581.000;21.584.189.440
MRK;Merck & Co.;XLV;Health Care;Pharmaceuticals;New Jersey;4/3/1957;1891;67.000;58.311.000.064;16.234.000.064;42.077.000.000;36.911.001.600;262.887.079.936
MRNA;Moderna;XLV;Health Care;Biotechnology;Massachusetts;21/7/2021;2010;3.900;10.654.000.128;102.000.128;10.552.000.000;1.168.000.000;39.189.659.648
MRO;Marathon Oil;XLE;Energy;Oil & Gas Exploration & Production;Texas;4/3/1957;1887;1.570;6.695.000.064;543.000.064;6.152.000.000;5.997.000.192;14.681.851.904
MS;Morgan Stanley;XLF;Financials;Investment Banking & Brokerage;New York;29/7/1993;1935;82.000;53.191.999.488;6.754.999.488;46.437.000.000;356.761.993.216;131.149.176.832
MSCI;MSCI;XLF;Financials;Financial Exchanges & Data;New York;4/4/2018;1969;4.980;2.350.222.080;505.965.080;1.844.257.000;4.659.798.016;39.396.405.248
MSFT;Microsoft;XLK;Information Technology;Systems Software;Washington;1/6/1994;1975;221.000;211.914.997.760;69.548.911.493;142.366.086.267;79.441.002.496;2.372.768.104.448
MSI;Motorola Solutions;XLK;Information Technology;Communications Equipment;Illinois;4/3/1957;2011;20.000;9.653.999.616;5.259.999.616;4.394.000.000;6.520.000.000;45.634.875.392
MTB;M&T Bank;XLF;Financials;Regional Banks;New York;23/2/2004;1856;22.946;9.283.378.176;1.621.819.176;7.661.559.000;16.620.053.504;20.471.468.032
MTCH;Match Group;XLC;Communication Services;Interactive Media & Services;Texas;20/9/2021;1986;2.700;3.212.375.040;981.195.040;2.231.180.000;3.941.999.104;10.244.725.760
MTD;Mettler Toledo;XLV;Health Care;Life Sciences Tools & Services;Ohio;6/9/2016;1945;16.400;3.954.385.920;1.646.343.920;2.308.042.000;2.152.826.880;23.575.719.936
MU;Micron Technology;XLK;Information Technology;Semiconductors;Idaho;27/9/1994;1978;43.000;15.539.999.744;16.955.999.744;-1.416.000.000;13.998.999.552;75.630.469.120
NCLH;Norwegian Cruise Line Holdings;XLY;Consumer Discretionary;Hotels, Resorts & Cruise Lines;Florida;13/10/2017;1966;38.900;7.162.070.016;6.585.396.016;576.674.000;13.757.513.728;6.993.970.688
NDAQ;Nasdaq, Inc.;XLF;Financials;Financial Exchanges & Data;New York;22/10/2008;1971;6.565;6.104.999.936;2.522.999.936;3.582.000.000;10.417.000.448;24.084.310.016
NDSN;Nordson Corporation;XLI;Industrials;Industrial Machinery & Supplies & Components;Ohio;15/2/2022;1935;7.200;2.592.900.096;1.166.364.096;1.426.536.000;961.212.992;12.649.237.504
NEE;NextEra Energy;XLU;Utilities;Multi-Utilities;Florida;30/6/1976;1925;15.300;26.947.999.744;16.808.999.744;10.139.000.000;72.173.002.752;100.072.456.192
NEM;Newmont;XLB;Materials;Gold;Colorado;30/6/1969;1921;14.600;11.196.000.256;6.670.000.256;4.526.000.000;6.111.000.064;28.861.898.752
NFLX;Netflix;XLC;Communication Services;Movies & Entertainment;California;20/12/2010;1997;12.800;32.126.445.568;19.679.180.568;12.447.265.000;16.993.690.624;165.112.135.680
NI;NiSource;XLU;Utilities;Multi-Utilities;Indiana;2/11/2000;1912;7.117;5.850.100.224;3.589.000.224;2.261.100.000;12.622.100.480;9.847.866.368
NKE;Nike, Inc.;XLY;Consumer Discretionary;Apparel, Accessories & Luxury Goods;Oregon;30/11/1988;1964;83.700;51.469.000.704;26.554.509.558;24.914.491.146;12.177.000.448;146.555.830.272
NOC;Northrop Grumman;XLI;Industrials;Aerospace & Defense;Virginia;4/3/1957;1930;95.000;37.880.999.936;30.406.999.936;7.474.000.000;17.443.999.744;63.556.591.616
NOW;ServiceNow;XLK;Information Technology;Systems Software;California;21/11/2019;2003;20.433;8.016.999.936;2.344.999.936;5.672.000.000;2.212.000.000;111.622.676.480
NRG;NRG Energy;XLU;Utilities;Independent Power Producers & Energy Traders;Texas;29/1/2010;1992;6.603;30.435.000.320;26.338.000.320;4.097.000.000;12.316.000.256;8.864.536.576
NSC;Norfolk Southern Railway;XLI;Industrials;Rail Transportation;Atlanta;4/3/1957;1980;19.300;12.691.999.744;6.535.999.744;6.156.000.000;15.662.999.552;43.289.493.504
NTAP;NetApp;XLK;Information Technology;Technology Hardware, Storage & Peripherals;California;25/6/1999;1992;12.000;6.201.999.872;1.992.999.872;4.209.000.000;2.672.000.000;15.767.896.064
NTRS;Northern Trust;XLF;Financials;Asset Management & Custody Banks;Illinois;30/1/1998;1889;23.600;6.770.500.096;21.300.096;6.749.200.000;28.651.700.224;13.800.955.904
NUE;Nucor;XLB;Materials;Steel;North Carolina;30/4/1985;1940;31.400;37.457.948.672;24.931.002.672;12.526.946.000;6.831.512.064;38.907.580.416
NVDA;Nvidia;XLK;Information Technology;Semiconductors;California;30/11/2001;1993;26.196;32.681.000.960;17.325.000.960;15.356.000.000;10.954.000.384;1.103.793.618.944
NVR;NVR, Inc.;XLY;Consumer Discretionary;Homebuilding;Virginia;26/9/2019;1980;6.550;10.118.545.408;7.294.858.408;2.823.687.000;1.031.651.008;19.428.247.552
NWS;News Corp (Class B);XLC;Communication Services;Publishing;New York;18/9/2015;1980;25.000;9.879.000.064;5.076.000.064;4.803.000.000;4.209.999.872;11.386.868.736
NWSA;News Corp (Class A);XLC;Communication Services;Publishing;New York;1/8/2013;1980;25.000;9.879.000.064;5.076.000.064;4.803.000.000;4.209.999.872;11.384.315.904
NXPI;NXP Semiconductors;XLK;Information Technology;Semiconductors;Netherlands;22/3/2021;1953;34.500;13.176.999.936;5.662.999.936;7.514.000.000;11.169.999.872;50.387.398.656
O;Realty Income;XLRE;Real Estate;Retail REITs;California;7/4/2015;1969;391;3.689.158.912;578.255.912;3.110.903.000;20.202.223.616;35.481.927.680
ODFL;Old Dominion;XLI;Industrials;Cargo Ground Transportation;North Carolina;9/12/2019;1934;22.717;5.950.673.920;3.459.081.920;2.491.592.000;79.970.000;44.065.599.488
OGN;Organon & Co.;XLV;Health Care;Pharmaceuticals;New Jersey;3/6/2021;2021;10.000;6.168.000.000;2.279.000.000;3.889.000.000;8.730.000.384;4.145.312.768
OKE;ONEOK;XLE;Energy;Oil & Gas Storage & Transportation;Oklahoma;15/3/2010;1906;2.966;19.198.892.032;14.721.866.032;4.477.026.000;12.821.000.192;36.369.612.800
OMC;Omnicom Group;XLC;Communication Services;Advertising;New York;31/12/1997;1986;74.200;14.364.800.000;11.606.000.000;2.758.800.000;6.484.299.776;14.404.902.912
ON;ON Semiconductor;XLK;Information Technology;Semiconductors;Arizona;21/6/2022;1999;31.000;8.350.300.160;4.273.100.160;4.077.200.000;3.745.900.032;38.047.911.936
ORCL;Oracle Corporation;XLK;Information Technology;Application Software;Texas;31/8/1989;1977;164.000;50.962.001.920;14.572.001.920;36.390.000.000;88.941.002.752;296.811.823.104
ORLY;O'Reilly Auto Parts;XLY;Consumer Discretionary;Automotive Retail;Missouri;27/3/2009;1957;88.149;15.219.966.976;7.838.260.976;7.381.706.000;7.124.711.936;54.280.675.328
OTIS;Otis Worldwide;XLI;Industrials;Industrial Machinery & Supplies & Components;Connecticut;3/4/2020;1853;69.000;13.848.999.936;9.906.999.936;3.942.000.000;7.170.999.808;32.585.498.624
OXY;Occidental Petroleum;XLE;Energy;Oil & Gas Exploration & Production;Texas;4/3/1957;1920;11.973;31.536.001.024;6.965.001.024;24.571.000.000;20.686.999.552;52.567.801.856
PANW;Palo Alto Networks;XLK;Information Technology;Application Software;California;20/6/2023;2005;13.948;6.892.700.160;2.508.552.622;4.384.147.538;2.330.899.968;73.069.125.632
PARA;Paramount Global;XLC;Communication Services;Movies & Entertainment;New York;30/9/1994;1952;24.500;29.927.999.488;19.618.999.488;10.309.000.000;17.141.000.192;7.705.724.416
PAYC;Paycom;XLI;Industrials;Human Resource & Employment Services;Oklahoma;28/1/2020;1998;6.349;1.557.550.976;352.138.976;1.205.412.000;29.000.000;15.217.433.600
PAYX;Paychex;XLI;Industrials;Human Resource & Employment Services;New York;1/10/1998;1971;16.600;5.086.900.224;-722.360.648;5.809.260.872;867.100.032;41.494.720.512
PCAR;Paccar;XLI;Industrials;Construction Machinery & Heavy Transportation Equipment;Washington;31/12/1980;1905;31.100;32.542.799.872;27.930.599.872;4.612.200.000;12.721.699.840;45.081.477.120
PCG;PG&E Corporation;XLU;Utilities;Multi-Utilities;California;3/10/2022;1905;26.010;22.262.999.040;15.247.999.040;7.015.000.000;55.713.001.472;38.369.021.952
PEAK;Healthpeak;XLRE;Real Estate;Health Care REITs;California;31/3/2008;1985;199;2.115.981.952;921.281.952;1.194.700.000;6.773.140.992;9.513.269.248
PEG;Public Service Enterprise Group;XLU;Utilities;Electric Utilities;New Jersey;4/3/1957;1903;12.525;11.587.000.320;8.983.000.320;2.604.000.000;19.832.000.512;28.229.720.064
PEP;PepsiCo;XLP;Consumer Staples;Soft Drinks & Non-alcoholic Beverages;New York;4/3/1957;1898;315.000;91.617.001.472;45.567.001.472;46.050.000.000;44.773.998.592;220.390.457.344
PFE;Pfizer;XLV;Health Care;Pharmaceuticals;New York;4/3/1957;1849;83.000;77.942.996.992;11.709.996.992;66.233.000.000;65.673.998.336;188.970.287.104
PFG;Principal Financial Group;XLF;Financials;Life & Health Insurance;Iowa;22/7/2002;1879;19.300;14.107.899.904;3.081.899.904;11.026.000.000;4.447.000.064;16.692.837.376
PG;Procter & Gamble;XLP;Consumer Staples;Personal Care Products;Ohio;4/3/1957;1837;107.000;82.005.999.616;42.759.999.616;39.246.000.000;35.424.002.048;338.920.800.256
PGR;Progressive Corporation;XLF;Financials;Property & Casualty Insurance;Ohio;4/8/1997;1937;55.100;55.882.399.744;54.195.299.744;1.687.100.000;6.886.499.840;83.376.750.592
PH;Parker Hannifin;XLI;Industrials;Industrial Machinery & Supplies & Components;Ohio;30/11/1985;1917;62.730;19.065.194.496;12.496.892.496;6.568.302.000;12.902.513.664;49.306.714.112
PHM;PulteGroup;XLY;Consumer Discretionary;Homebuilding;Atlanta;30/4/1984;1956;6.524;16.964.117.504;12.125.312.504;4.838.805.000;2.445.008.896;15.771.511.808
PKG;Packaging Corporation of America;XLB;Materials;Paper & Plastic Packaging Products & Materials;Illinois;26/7/2017;1959;15.100;8.032.699.904;5.935.099.904;2.097.600.000;2.783.300.096;13.716.549.632
PLD;Prologis;XLRE;Real Estate;Industrial REITs;California;17/7/2003;1983;2.466;8.022.778.880;3.247.308.880;4.775.470.000;28.766.773.248;100.728.676.352
PM;Philip Morris International;XLP;Consumer Staples;Tobacco;New York;31/3/2008;1847;79.800;33.169.999.872;12.635.999.872;20.534.000.000;47.973.998.592;142.785.150.976
PNC;PNC Financial Services;XLF;Financials;Regional Banks;Pennsylvania;30/4/1988;1845;58.231;21.177.999.360;534.999.360;20.643.000.000;69.948.997.632;47.941.935.104
PNR;Pentair;XLI;Industrials;Industrial Machinery & Supplies & Components;United Kingdom;1/10/2012;1966;11.250;4.169.100.032;2.774.400.032;1.394.700.000;2.214.700.032;10.370.747.392
PNW;Pinnacle West;XLU;Utilities;Multi-Utilities;Arizona;4/10/1999;1985;5.861;4.545.843.200;2.837.873.200;1.707.970.000;10.100.767.744;8.174.327.808
PODD;Insulet;XLV;Health Care;Health Care Equipment;Massachusetts;15/3/2023;2000;2.600;1.465.100.032;659.500.032;805.600.000;1.397.799.936;10.199.467.008
POOL;Pool Corporation;XLY;Consumer Discretionary;Distributors;Louisiana;7/10/2020;1993;6.000;5.775.396.864;3.841.984.864;1.933.412.000;1.468.902.016;13.034.776.576
PPG;PPG Industries;XLB;Materials;Specialty Chemicals;Pennsylvania;4/3/1957;1883;52.000;17.905.000.448;11.306.000.448;6.599.000.000;7.751.000.064;30.929.922.048
PPL;PPL Corporation;XLU;Utilities;Electric Utilities;Pennsylvania;1/10/2001;1920;6.527;8.661.999.616;5.774.999.616;2.887.000.000;14.880.000.000;16.923.563.008
PRU;Prudential Financial;XLF;Financials;Life & Health Insurance;New Jersey;22/7/2002;1875;39.583;67.972.001.792;58.024.001.792;9.948.000.000;31.345.000.448;33.337.919.488
PSA;Public Storage;XLRE;Real Estate;Self-Storage REITs;California;19/8/2005;1972;5.900;4.421.266.944;1.234.129.944;3.187.137.000;6.894.167.040;47.954.427.904
PSX;Phillips 66;XLE;Energy;Oil & Gas Refining & Marketing;Texas;1/5/2012;1917;13.000;154.719.993.856;134.661.993.856;20.058.000.000;19.865.999.360;48.750.133.248
PTC;PTC;XLK;Information Technology;Application Software;Massachusetts;20/4/2021;1985;7.165;2.058.358.016;510.991.016;1.547.367.000;1.933.059.968;16.615.230.464
PWR;Quanta Services;XLI;Industrials;Construction & Engineering;Texas;1/7/2009;1997;47.300;18.353.811.456;15.824.656.456;2.529.155.000;4.516.124.160;24.426.827.776
PXD;Pioneer Natural Resources;XLE;Energy;Oil & Gas Exploration & Production;Texas;24/9/2008;1997;2.076;20.387.000.320;7.125.000.320;13.262.000.000;5.709.000.192;50.115.989.504
PYPL;PayPal;XLF;Financials;Transaction & Payment Processing Services;California;20/7/2015;1998;29.900;28.555.999.232;16.902.999.232;11.653.000.000;11.210.000.384;63.115.341.824
QCOM;Qualcomm;XLK;Information Technology;Semiconductors;California;22/7/1999;1985;51.000;38.584.000.512;13.019.000.512;25.565.000.000;15.443.999.744;122.536.804.352
QRVO;Qorvo;XLK;Information Technology;Semiconductors;North Carolina;11/6/2015;2015;8.500;3.185.204.992;1.888.262.992;1.296.942.000;2.048.368.000;9.195.744.256
RCL;Royal Caribbean Group;XLY;Consumer Discretionary;Hotels, Resorts & Cruise Lines;Florida;5/12/2014;1997;102.400;12.005.194.752;9.629.590.752;2.375.604.000;21.018.370.048;22.740.475.904
REG;Regency Centers;XLRE;Real Estate;Retail REITs;Florida;2/3/2017;1963;440;1.284.945.024;359.790.024;925.155.000;3.952.560.896;10.576.695.296
REGN;Regeneron;XLV;Health Care;Biotechnology;New York;1/5/2013;1988;12.256;12.670.799.872;5.650.799.872;7.020.000.000;2.702.200.064;90.225.557.504
RF;Regions Financial Corporation;XLF;Financials;Regional Banks;Alabama;28/8/1998;1971;20.073;7.274.999.808;330.999.808;6.944.000.000;18.647.427.072;15.539.522.560
RHI;Robert Half;XLI;Industrials;Human Resource & Employment Services;California;5/12/2000;1948;16.300;6.916.294.144;3.822.245.144;3.094.049.000;218.268.000;7.899.438.592
RJF;Raymond James;XLF;Financials;Investment Banking & Brokerage;Florida;20/3/2017;1962;17.000;11.164.999.680;1.021.999.680;10.143.000.000;4.233.999.872;20.524.992.512
RL;Ralph Lauren Corporation;XLY;Consumer Discretionary;Apparel, Accessories & Luxury Goods;New York;2/2/2007;1967;14.900;6.449.500.160;2.268.300.160;4.181.200.000;2.839.500.032;7.448.810.496
RMD;ResMed;XLV;Health Care;Health Care Equipment;California;26/7/2017;1989;10.140;4.222.992.896;1.836.934.896;2.386.058.000;1.579.907.968;21.401.774.080
ROK;Rockwell Automation;XLI;Industrials;Electrical Components & Equipment;Wisconsin;6/8/1938;1903;26.000;8.621.400.064;5.519.400.064;3.102.000.000;4.093.499.904;32.868.337.664
ROL;Rollins, Inc.;XLI;Industrials;Environmental & Facilities Services;Atlanta;1/10/2018;1948;17.515;2.869.859.072;1.482.435.072;1.387.424.000;624.627.968;17.359.718.400
ROP;Roper Technologies;XLK;Information Technology;Electronic Equipment & Instruments;Florida;23/12/2009;1981;15.800;5.782.099.968;2.029.299.968;3.752.800.000;6.666.100.224;52.200.886.272
ROST;Ross Stores;XLY;Consumer Discretionary;Apparel Retail;California;21/12/2009;1982;101.000;19.209.310.208;13.532.109.208;5.677.201.000;5.780.275.200;37.831.966.720
RSG;Republic Services;XLI;Industrials;Environmental & Facilities Services;Arizona;5/12/2008;1981;40.000;14.434.599.936;8.975.499.936;5.459.100.000;12.459.200.512;45.392.781.312
RTX;RTX Corporation;XLI;Industrials;Aerospace & Defense;Massachusetts;4/3/1957;1922;182.000;70.572.998.656;56.904.998.656;13.668.000.000;36.922.998.784;100.983.971.840
RVTY;Revvity;XLV;Health Care;Health Care Equipment;Massachusetts;31/5/1985;1937;11.000;2.836.947.968;796.228.968;2.040.719.000;4.506.859.008;13.232.790.528
SBAC;SBA Communications;XLRE;Real Estate;Telecom Tower REITs;Florida;1/9/2017;1989;1.834;2.715.694.080;777.697.080;1.937.997.000;14.888.823.808;20.731.500.544
SBUX;Starbucks;XLY;Consumer Discretionary;Restaurants;Washington;7/6/2000;1971;402.000;35.016.200.192;26.630.800.192;8.385.400.000;24.421.199.872;105.800.605.696
SCHW;Charles Schwab Corporation;XLF;Financials;Investment Banking & Brokerage;Texas;2/6/1997;1971;36.600;20.814.999.552;640.999.552;20.174.000.000;75.924.996.096;92.985.876.480
SEDG;SolarEdge;XLK;Information Technology;Semiconductor Materials & Equipment;Israel;20/12/2021;2006;4.926;3.662.604.032;2.817.956.032;844.648.000;735.028.992;6.822.002.176
SEE;Sealed Air;XLB;Materials;Paper & Plastic Packaging Products & Materials;North Carolina;4/3/1957;1960;16.300;5.535.900.160;3.763.000.160;1.772.900.000;5.066.100.224;4.442.800.128
SHW;Sherwin-Williams;XLB;Materials;Specialty Chemicals;Ohio;30/6/1964;1866;64.366;22.960.900.096;13.635.800.096;9.325.100.000;12.340.700.160;65.243.844.608
SJM;J.M. Smucker Company (The);XLP;Consumer Staples;Packaged Foods & Meats;Ohio;6/11/2008;1897;5.800;8.461.400.064;6.080.930.611;2.380.469.453;4.495.200.256;11.902.347.264
SLB;Schlumberger;XLE;Energy;Oil & Gas Equipment & Services;Texas;4/3/1957;1926;99.000;31.190.999.040;26.029.999.040;5.161.000.000;13.489.999.872;78.733.926.400
SNA;Snap-on;XLI;Industrials;Industrial Machinery & Supplies & Components;Wisconsin;30/9/1982;1920;12.900;4.994.299.904;2.546.999.904;2.447.300.000;1.276.300.032;13.647.165.440
SNPS;Synopsys;XLK;Information Technology;Application Software;California;16/3/2017;1986;19.000;5.527.782.912;1.443.001.912;4.084.781.000;689.184.000;69.920.620.544
SO;Southern Company;XLU;Utilities;Electric Utilities;Atlanta;4/3/1957;1945;27.423;27.652.999.168;16.831.999.168;10.821.000.000;62.621.999.104;70.438.625.280
SPG;Simon Property Group;XLRE;Real Estate;Retail REITs;Indiana;26/6/2002;2003;2.500;5.436.133.888;1.145.640.888;4.290.493.000;25.483.673.600;39.140.614.144
SPGI;S&P Global;XLF;Financials;Financial Exchanges & Data;New York;4/3/1957;1917;39.660;12.058.999.808;4.643.999.808;7.415.000.000;12.163.000.320;114.959.294.464
SRE;Sempra Energy;XLU;Utilities;Multi-Utilities;California;1/12/2008;1998;15.785;16.967.000.064;12.391.000.064;4.576.000.000;31.246.000.128;41.691.590.656
STE;Steris;XLV;Health Care;Health Care Equipment;Ireland;23/12/2019;1985;17.000;5.085.890.048;2.926.198.048;2.159.692.000;3.122.711.040;21.974.910.976
STLD;Steel Dynamics;XLB;Materials;Steel;Indiana;22/12/2022;1993;12.060;20.452.829.184;14.334.998.184;6.117.831.000;3.067.697.920;17.718.939.648
STT;State Street Corporation;XLF;Financials;Asset Management & Custody Banks;Massachusetts;14/3/2003;1792;42.688;12.289.000.448;161.000.448;12.128.000.000;40.372.998.144;20.478.992.384
STX;Seagate Technology;XLK;Information Technology;Technology Hardware, Storage & Peripherals;Ireland;2/7/2012;1979;33.400;7.384.000.000;6.553.189.949;830.810.051;5.834.999.808;13.846.834.176
STZ;Constellation Brands;XLP;Consumer Staples;Distillers & Vintners;New York;1/7/2005;1945;10.700;9.786.000.384;938.794.394;8.847.205.990;11.706.500.096;44.236.029.952
SWK;Stanley Black & Decker;XLI;Industrials;Industrial Machinery & Supplies & Components;Connecticut;30/9/1982;1843;50.000;16.197.099.520;11.785.599.520;4.411.500.000;8.404.400.128;11.872.261.120
SWKS;Skyworks Solutions;XLK;Information Technology;Semiconductors;California;12/3/2015;2002;11.150;4.960.500.224;2.356.200.224;2.604.300.000;1.712.300.032;15.422.866.432
SYF;Synchrony Financial;XLF;Financials;Consumer Finance;Connecticut;18/11/2015;2003;18.500;7.697.999.872;-601.000.128;8.299.000.000;14.231.000.064;12.006.033.408
SYK;Stryker Corporation;XLV;Health Care;Health Care Equipment;Michigan;12/12/2000;1941;51.000;19.455.000.576;7.809.000.576;11.646.000.000;13.434.999.808;100.569.006.080
SYY;Sysco;XLP;Consumer Staples;Food Distributors;Texas;31/12/1986;1969;72.000;76.324.675.584;69.896.967.373;6.427.708.211;11.165.867.008;32.138.541.056
T;AT&T;XLC;Communication Services;Integrated Telecommunication Services;Texas;30/11/1983;1885;160.700;121.442.000.896;51.549.000.896;69.893.000.000;168.693.006.336;106.960.486.400
TAP;Molson Coors Beverage Company;XLP;Consumer Staples;Brewers;Illinois;30/6/1976;1873;16.600;11.177.600.000;7.522.400.000;3.655.200.000;6.964.700.160;12.778.163.200
TDG;TransDigm Group;XLI;Industrials;Aerospace & Defense;Ohio;3/6/2016;1993;14.400;6.242.999.808;3.136.999.808;3.106.000.000;19.839.000.576;46.294.843.392
TECH;Bio-Techne;XLV;Health Care;Life Sciences Tools & Services;Minnesota;30/8/2021;1976;3.050;1.136.701.952;366.486.952;770.215.000;454.964.992;10.714.430.464
TFC;Truist;XLF;Financials;Regional Banks;North Carolina;4/12/1997;1872;52.848;22.333.999.104;75.999.104;22.258.000.000;73.793.003.520;36.336.414.720
TJX;TJX Companies;XLY;Consumer Discretionary;Apparel Retail;Massachusetts;30/9/1985;1987;329.000;51.228.000.256;37.441.000.256;13.787.000.000;12.568.000.512;100.484.546.560
TMO;Thermo Fisher Scientific;XLV;Health Care;Life Sciences Tools & Services;Massachusetts;3/8/2004;1902;130.000;43.524.001.792;24.526.001.792;18.998.000.000;34.023.000.064;192.210.829.312
TMUS;T-Mobile US;XLC;Communication Services;Wireless Telecommunication Services;Washington;15/7/2019;1994;71.000;78.577.999.872;31.018.999.872;47.559.000.000;116.548.001.792;161.680.900.096
TPR;Tapestry, Inc.;XLY;Consumer Discretionary;Apparel, Accessories & Luxury Goods;New York;1/9/2004;2017;12.600;6.660.899.840;5.586.605.681;1.074.294.159;3.294.400.000;6.319.377.408
TRMB;Trimble Inc.;XLK;Information Technology;Electronic Equipment & Instruments;Colorado;21/1/2021;1978;11.825;3.650.400.000;1.457.900.000;2.192.500.000;3.300.600.064;12.763.751.424
TROW;T. Rowe Price;XLF;Financials;Asset Management & Custody Banks;Maryland;25/5/1950;1937;7.903;6.260.199.936;2.694.199.936;3.566.000.000;423.400.000;22.864.633.856
TRV;Travelers Companies (The);XLF;Financials;Property & Casualty Insurance;New York;21/8/2002;1853;31.850;38.741.000.192;30.226.000.192;8.515.000.000;8.031.000.064;37.519.015.936
TSCO;Tractor Supply;XLY;Consumer Discretionary;Specialty Stores;Tennessee;24/1/2014;1938;52.000;14.761.099.264;9.788.895.264;4.972.204.000;4.843.970.048;22.324.137.984
TSN;Tyson Foods;XLP;Consumer Staples;Packaged Foods & Meats;Arkansas;10/8/2005;1935;142.000;53.269.999.616;46.645.999.616;6.624.000.000;9.319.999.488;17.127.324.672
TT;Trane Technologies;XLI;Industrials;Building Products;Ireland;17/11/2010;1871;39.000;16.816.400.384;11.851.600.384;4.964.800.000;5.026.800.128;45.866.889.216
TTWO;Take-Two Interactive;XLC;Communication Services;Interactive Home Entertainment;New York;19/3/2018;1993;11.580;5.532.199.936;1.722.550.968;3.809.648.968;3.492.100.096;23.810.306.048
TXN;Texas Instruments;XLK;Information Technology;Semiconductors;Texas;15/8/1963;1930;33.000;18.820.999.168;5.049.999.168;13.771.000.000;11.219.000.320;140.834.603.008
TXT;Textron;XLI;Industrials;Aerospace & Defense;Rhode Island;31/12/1978;1923;34.000;13.162.000.384;11.106.000.384;2.056.000.000;3.913.999.872;14.954.360.832
TYL;Tyler Technologies;XLK;Information Technology;Application Software;Texas;22/6/2020;1966;7.247;1.901.544.960;1.117.681.960;783.863.000;924.937.984;16.065.532.928
UAL;United Airlines Holdings;XLI;Industrials;Passenger Airlines;Illinois;3/9/2015;1967;99.800;50.884.001.792;37.698.001.792;13.186.000.000;35.840.999.424;13.552.133.120
UDR;UDR, Inc.;XLRE;Real Estate;Multi-Family Residential REITs;Colorado;7/3/2016;1972;1.317;1.625.218.048;615.309.048;1.009.909.000;5.614.768.128;12.596.015.104
UHS;Universal Health Services;XLV;Health Care;Health Care Facilities;Pennsylvania;20/9/2014;1979;93.800;13.798.663.168;8.635.888.168;5.162.775.000;5.177.789.952;8.709.158.912
ULTA;Ulta Beauty;XLY;Consumer Discretionary;Specialty Stores;Illinois;18/4/2016;1990;18.500;10.729.637.888;7.475.656.888;3.253.981.000;1.880.398.976;19.141.064.704
UNH;UnitedHealth Group;XLV;Health Care;Managed Health Care;Minnesota;1/7/1994;1977;400.000;348.515.008.512;268.898.008.512;79.617.000.000;65.588.998.144;478.186.438.656
UNP;Union Pacific Corporation;XLI;Industrials;Rail Transportation;Nebraska;4/3/1957;1862;31.766;24.764.999.680;11.397.999.680;13.367.000.000;34.865.000.448;122.281.254.912
UPS;United Parcel Service;XLI;Industrials;Air Freight & Logistics;Atlanta;22/7/2002;1907;273.400;96.173.998.080;71.087.998.080;25.086.000.000;25.120.999.424;131.055.542.272
URI;United Rentals;XLI;Industrials;Trading Companies & Distributors;Connecticut;20/9/2014;1997;24.600;13.185.999.872;8.162.999.872;5.023.000.000;12.833.000.448;28.742.238.208
USB;U.S. Bank;XLF;Financials;Diversified Banks;Minnesota;26/3/1978;1968;77.000;24.046.999.552;1.904.999.552;22.142.000.000;85.229.002.752;49.620.635.648
V;Visa Inc.;XLF;Financials;Transaction & Payment Processing Services;California;21/12/2009;1958;11.300;31.830.999.040;3.263.999.040;28.567.000.000;20.559.998.976;494.306.066.432
VFC;VF Corporation;XLY;Consumer Discretionary;Apparel, Accessories & Luxury Goods;Colorado;30/6/1979;1899;19.800;11.437.215.744;10.341.813.514;1.095.402.230;7.865.555.968;6.443.542.528
VICI;Vici Properties;XLRE;Real Estate;Hotel & Resort REITs;New York;8/6/2022;2017;23;3.343.169.024;727.958.024;2.615.211.000;17.451.610.112;28.690.202.624
VLO;Valero Energy;XLE;Energy;Oil & Gas Refining & Marketing;Texas;20/12/2002;1980;9.716;151.759.994.880;132.535.994.880;19.224.000.000;11.322.999.808;45.017.395.200
VMC;Vulcan Materials Company;XLB;Materials;Construction Materials;Alabama;30/6/1999;1909;11.974;7.582.000.128;6.024.300.128;1.557.700.000;4.504.800.256;27.496.617.984
VRSK;Verisk;XLI;Industrials;Research & Consulting Services;New Jersey;8/10/2015;1971;7.000;2.567.200.000;894.800.000;1.672.400.000;3.079.600.128;34.607.796.224
VRSN;Verisign;XLK;Information Technology;Internet Services & Infrastructure;Virginia;1/2/2006;1995;914;1.462.499.968;238.299.968;1.224.200.000;1.788.999.936;21.150.720.000
VRTX;Vertex Pharmaceuticals;XLV;Health Care;Biotechnology;Massachusetts;23/9/2013;1989;4.800;9.505.000.448;4.181.900.448;5.323.100.000;767.600.000;91.659.862.016
VTR;Ventas;XLRE;Real Estate;Health Care REITs;Illinois;4/3/2009;1998;451;4.255.742.976;2.442.159.976;1.813.583.000;13.555.707.904;16.400.925.696
VTRS;Viatris;XLV;Health Care;Pharmaceuticals;Pennsylvania;23/4/2004;1961;38.000;15.601.899.520;8.569.999.520;7.031.900.000;18.847.000.576;11.623.445.504
VZ;Verizon;XLC;Communication Services;Integrated Telecommunication Services;New York;30/11/1983;1877;117.100;134.999.998.464;57.297.998.464;77.702.000.000;182.301.999.104;133.772.550.144
WAB;Wabtec;XLI;Industrials;Construction Machinery & Heavy Transportation Equipment;Pennsylvania;27/2/2019;1869;27.000;8.988.000.256;6.405.000.256;2.583.000.000;4.718.000.128;18.289.172.480
WAT;Waters Corporation;XLV;Health Care;Health Care Distributors;Massachusetts;2/1/2002;1958;8.200;2.992.314.880;1.268.540.880;1.723.774.000;2.729.125.888;15.720.779.776
WBA;Walgreens Boots Alliance;XLP;Consumer Staples;Drug Retail;Illinois;31/12/1979;2014;325.000;8.616.207.974;-19.649.792.026;28.266.000.000;4.020.897.055;19.147.128.832
WBD;Warner Bros. Discovery;XLC;Communication Services;Broadcasting;New York;11/4/2022;2022;37.500;41.889.001.472;28.463.001.472;13.426.000.000;47.289.999.360;24.593.166.336
WDC;Western Digital;XLK;Information Technology;Technology Hardware, Storage & Peripherals;California;1/7/2009;1970;53.000;12.318.000.128;11.427.442.627;890.557.501;890.557.501;14.842.625.024
WEC;WEC Energy Group;XLU;Utilities;Electric Utilities;Wisconsin;31/10/2008;1896;7.000;9.279.500.288;5.972.000.288;3.307.500.000;18.076.100.608;25.013.997.568
WELL;Welltower;XLRE;Real Estate;Health Care REITs;Ohio;30/1/2009;1970;514;6.177.031.168;3.872.421.168;2.304.610.000;16.408.497.152;43.054.505.984
WFC;Wells Fargo;XLF;Financials;Diversified Banks;California;30/6/1976;1852;233.834;75.614.003.200;3.367.003.200;72.247.000.000;280.579.997.696;143.790.047.232
WHR;Whirlpool Corporation;XLY;Consumer Discretionary;Household Appliances;Michigan;30/10/1942;1911;61.000;19.147.999.232;16.074.999.232;3.073.000.000;8.304.000.000;6.894.434.304
WM;Waste Management;XLI;Industrials;Environmental & Facilities Services;Texas;6/8/1988;1968;49.500;20.021.000.192;12.617.000.192;7.404.000.000;15.367.999.488;62.670.729.216
WMB;Williams Companies;XLE;Energy;Oil & Gas Storage & Transportation;Oklahoma;31/3/1975;1908;5.043;10.773.999.616;4.695.999.616;6.078.000.000;24.408.999.936;40.579.772.416
WMT;Walmart;XLP;Consumer Staples;Consumer Staples Merchandise Retail;Arkansas;31/8/1982;1962;2.100.000;630.794.027.008;483.226.027.008;147.568.000.000;66.860.998.656;428.173.361.152
WRB;Berkley;XLF;Financials;Property & Casualty Insurance;Connecticut;5/12/2019;1967;8.186;11.629.119.488;6.817.559.488;4.811.560.000;3.027.386.112;16.540.703.744
WRK;WestRock;XLB;Materials;Paper & Plastic Packaging Products & Materials;Atlanta;4/3/1957;2015;50.500;20.724.299.776;16.703.599.776;4.020.700.000;9.752.899.584;9.197.175.808
WST;West Pharmaceutical Services;XLV;Health Care;Health Care Supplies;Pennsylvania;22/5/2020;1923;10.700;2.865.999.872;1.729.799.872;1.136.200.000;311.300.000;27.530.285.056
WTW;Willis Towers Watson;XLF;Financials;Insurance Brokers;United Kingdom;5/1/2016;2016;46.000;9.077.999.616;5.004.999.616;4.073.000.000;6.191.000.064;21.863.981.056
WY;Weyerhaeuser;XLRE;Real Estate;Timber REITs;Washington;14/3/1930;1900;9.264;7.976.999.936;4.356.999.936;3.620.000.000;5.816.999.936;21.937.055.744
WYNN;Wynn Resorts;XLY;Consumer Discretionary;Casinos & Gaming;Nevada;14/11/2008;2002;27.000;4.914.160.128;3.021.257.128;1.892.903.000;13.753.513.984;10.196.132.864
XEL;Xcel Energy;XLU;Utilities;Multi-Utilities;Minnesota;4/3/1957;1909;11.982;15.237.000.192;9.467.000.192;5.770.000.000;26.865.999.872;31.150.583.808
XOM;ExxonMobil;XLE;Energy;Integrated Oil & Gas;Texas;4/3/1957;1999;62.000;367.977.005.056;234.262.005.056;133.715.000.000;41.495.998.464;434.488.639.488
XRAY;Dentsply Sirona;XLV;Health Care;Health Care Supplies;North Carolina;14/11/2008;1969;15.000;3.936.000.000;1.809.000.000;2.127.000.000;2.279.000.064;6.813.021.184
XYL;Xylem Inc.;XLI;Industrials;Industrial Machinery & Supplies & Components;New York;1/11/2011;2011;22.000;6.056.000.000;3.968.000.000;2.088.000.000;2.604.000.000;21.708.324.864
YUM;Yum! Brands;XLY;Consumer Discretionary;Restaurants;Kentucky;6/10/1997;1997;36.000;6.991.000.064;3.684.000.064;3.307.000.000;12.312.000.512;34.140.907.520
ZBH;Zimmer Biomet;XLV;Health Care;Health Care Equipment;Indiana;7/8/2001;1927;18.000;7.195.500.032;2.275.100.032;4.920.400.000;5.917.499.904;22.839.764.992
ZBRA;Zebra Technologies;XLK;Information Technology;Electronic Equipment & Instruments;Illinois;23/12/2019;1969;10.500;5.500.000.256;2.876.000.256;2.624.000.000;2.440.000.000;11.424.846.848
ZION;Zions Bancorporation;XLF;Financials;Regional Banks;Utah;22/6/2001;1873;10.103;3.115.000.064;85.000.064;3.030.000.000;6.655.000.064;4.948.042.752
ZTS;Zoetis;XLV;Health Care;Pharmaceuticals;New Jersey;21/6/2013;1952;13.800;8.222.000.128;2.588.000.128;5.634.000.000;6.776.999.936;79.174.524.928
